State/UTs,Crime Heads,Below 18 Years,Between 18-30 Years,Between 30-45 Years,Between 45-60 Years,Above 60 Years,Total
ANDHRA PRADESH,TAMPERING COMPUTER SOURCE DOCUMENTS (SECTION 65 IT ACT),0,4,3,1,0,8
ARUNACHAL PRADESH,TAMPERING COMPUTER SOURCE DOCUMENTS (SECTION 65 IT ACT),0,0,0,0,0,0
ASSAM,TAMPERING COMPUTER SOURCE DOCUMENTS (SECTION 65 IT ACT),0,0,0,0,0,0
BIHAR,TAMPERING COMPUTER SOURCE DOCUMENTS (SECTION 65 IT ACT),0,0,0,0,0,0
CHHATTISGARH,TAMPERING COMPUTER SOURCE DOCUMENTS (SECTION 65 IT ACT),0,0,0,0,0,0
GOA,TAMPERING COMPUTER SOURCE DOCUMENTS (SECTION 65 IT ACT),0,0,0,0,0,0
GUJARAT,TAMPERING COMPUTER SOURCE DOCUMENTS (SECTION 65 IT ACT),0,0,4,3,0,7
HARYANA,TAMPERING COMPUTER SOURCE DOCUMENTS (SECTION 65 IT ACT),0,5,0,0,0,5
HIMACHAL PRADESH,TAMPERING COMPUTER SOURCE DOCUMENTS (SECTION 65 IT ACT),0,0,0,0,0,0
JAMMU & KASHMIR,TAMPERING COMPUTER SOURCE DOCUMENTS (SECTION 65 IT ACT),0,0,0,0,0,0
JHARKHAND,TAMPERING COMPUTER SOURCE DOCUMENTS (SECTION 65 IT ACT),0,0,0,0,0,0
KARNATAKA,TAMPERING COMPUTER SOURCE DOCUMENTS (SECTION 65 IT ACT),0,1,0,0,0,1
KERALA,TAMPERING COMPUTER SOURCE DOCUMENTS (SECTION 65 IT ACT),0,3,2,0,0,5
MADHYA PRADESH,TAMPERING COMPUTER SOURCE DOCUMENTS (SECTION 65 IT ACT),0,0,1,4,0,5
MAHARASHTRA,TAMPERING COMPUTER SOURCE DOCUMENTS (SECTION 65 IT ACT),0,2,0,0,0,2
MANIPUR,TAMPERING COMPUTER SOURCE DOCUMENTS (SECTION 65 IT ACT),0,0,0,0,0,0
MEGHALAYA,TAMPERING COMPUTER SOURCE DOCUMENTS (SECTION 65 IT ACT),0,0,0,0,0,0
MIZORAM,TAMPERING COMPUTER SOURCE DOCUMENTS (SECTION 65 IT ACT),0,0,0,0,0,0
NAGALAND,TAMPERING COMPUTER SOURCE DOCUMENTS (SECTION 65 IT ACT),0,0,0,0,0,0
ORISSA,TAMPERING COMPUTER SOURCE DOCUMENTS (SECTION 65 IT ACT),0,3,0,0,0,3
PUNJAB,TAMPERING COMPUTER SOURCE DOCUMENTS (SECTION 65 IT ACT),0,0,0,0,0,0
RAJASTHAN,TAMPERING COMPUTER SOURCE DOCUMENTS (SECTION 65 IT ACT),1,0,2,0,0,3
SIKKIM,TAMPERING COMPUTER SOURCE DOCUMENTS (SECTION 65 IT ACT),0,0,0,0,0,0
TAMIL NADU,TAMPERING COMPUTER SOURCE DOCUMENTS (SECTION 65 IT ACT),0,0,2,0,0,2
TRIPURA,TAMPERING COMPUTER SOURCE DOCUMENTS (SECTION 65 IT ACT),0,0,0,0,0,0
UTTAR PRADESH,TAMPERING COMPUTER SOURCE DOCUMENTS (SECTION 65 IT ACT),0,2,0,0,0,2
UTTARAKHAND,TAMPERING COMPUTER SOURCE DOCUMENTS (SECTION 65 IT ACT),0,0,0,0,0,0
WEST BENGAL,TAMPERING COMPUTER SOURCE DOCUMENTS (SECTION 65 IT ACT),0,3,10,3,0,16
TOT (STATES),TAMPERING COMPUTER SOURCE DOCUMENTS (SECTION 65 IT ACT),1,23,24,11,0,59
A & N ISLANDS,TAMPERING COMPUTER SOURCE DOCUMENTS (SECTION 65 IT ACT),0,0,0,0,0,0
CHANDIGARH,TAMPERING COMPUTER SOURCE DOCUMENTS (SECTION 65 IT ACT),0,0,0,0,0,0
D & N HAVELI,TAMPERING COMPUTER SOURCE DOCUMENTS (SECTION 65 IT ACT),0,0,0,0,0,0
DAMAN & DIU,TAMPERING COMPUTER SOURCE DOCUMENTS (SECTION 65 IT ACT),0,0,0,0,0,0
DELHI,TAMPERING COMPUTER SOURCE DOCUMENTS (SECTION 65 IT ACT),0,0,0,0,0,0
LAKSHADWEEP,TAMPERING COMPUTER SOURCE DOCUMENTS (SECTION 65 IT ACT),0,0,0,0,0,0
PUDUCHERRY,TAMPERING COMPUTER SOURCE DOCUMENTS (SECTION 65 IT ACT),0,0,0,0,0,0
TOT (UTS),TAMPERING COMPUTER SOURCE DOCUMENTS (SECTION 65 IT ACT),0,0,0,0,0,0
TOT (ALL INDIA),TAMPERING COMPUTER SOURCE DOCUMENTS (SECTION 65 IT ACT),1,23,24,11,0,59
ANDHRA PRADESH,LOSS OR DAMAGE TO COMPUTER RESOURCE OR UTILITY (SECTION 66(1) IT ACT),1,92,59,7,0,159
ARUNACHAL PRADESH,LOSS OR DAMAGE TO COMPUTER RESOURCE OR UTILITY (SECTION 66(1) IT ACT),0,0,2,0,0,2
ASSAM,LOSS OR DAMAGE TO COMPUTER RESOURCE OR UTILITY (SECTION 66(1) IT ACT),0,0,0,0,0,0
BIHAR,LOSS OR DAMAGE TO COMPUTER RESOURCE OR UTILITY (SECTION 66(1) IT ACT),0,14,6,0,0,20
CHHATTISGARH,LOSS OR DAMAGE TO COMPUTER RESOURCE OR UTILITY (SECTION 66(1) IT ACT),0,12,13,0,0,25
GOA,LOSS OR DAMAGE TO COMPUTER RESOURCE OR UTILITY (SECTION 66(1) IT ACT),0,0,0,0,0,0
GUJARAT,LOSS OR DAMAGE TO COMPUTER RESOURCE OR UTILITY (SECTION 66(1) IT ACT),0,13,5,1,1,20
HARYANA,LOSS OR DAMAGE TO COMPUTER RESOURCE OR UTILITY (SECTION 66(1) IT ACT),1,19,19,1,0,40
HIMACHAL PRADESH,LOSS OR DAMAGE TO COMPUTER RESOURCE OR UTILITY (SECTION 66(1) IT ACT),0,3,0,0,0,3
JAMMU & KASHMIR,LOSS OR DAMAGE TO COMPUTER RESOURCE OR UTILITY (SECTION 66(1) IT ACT),0,1,0,0,0,1
JHARKHAND,LOSS OR DAMAGE TO COMPUTER RESOURCE OR UTILITY (SECTION 66(1) IT ACT),0,1,0,0,0,1
KARNATAKA,LOSS OR DAMAGE TO COMPUTER RESOURCE OR UTILITY (SECTION 66(1) IT ACT),0,13,15,2,0,30
KERALA,LOSS OR DAMAGE TO COMPUTER RESOURCE OR UTILITY (SECTION 66(1) IT ACT),0,14,4,2,0,20
MADHYA PRADESH,LOSS OR DAMAGE TO COMPUTER RESOURCE OR UTILITY (SECTION 66(1) IT ACT),2,80,37,8,1,128
MAHARASHTRA,LOSS OR DAMAGE TO COMPUTER RESOURCE OR UTILITY (SECTION 66(1) IT ACT),2,43,51,5,0,101
MANIPUR,LOSS OR DAMAGE TO COMPUTER RESOURCE OR UTILITY (SECTION 66(1) IT ACT),0,0,0,0,0,0
MEGHALAYA,LOSS OR DAMAGE TO COMPUTER RESOURCE OR UTILITY (SECTION 66(1) IT ACT),0,0,0,0,0,0
MIZORAM,LOSS OR DAMAGE TO COMPUTER RESOURCE OR UTILITY (SECTION 66(1) IT ACT),0,0,0,0,0,0
NAGALAND,LOSS OR DAMAGE TO COMPUTER RESOURCE OR UTILITY (SECTION 66(1) IT ACT),0,0,0,0,0,0
ORISSA,LOSS OR DAMAGE TO COMPUTER RESOURCE OR UTILITY (SECTION 66(1) IT ACT),0,4,5,0,0,9
PUNJAB,LOSS OR DAMAGE TO COMPUTER RESOURCE OR UTILITY (SECTION 66(1) IT ACT),2,35,39,0,0,76
RAJASTHAN,LOSS OR DAMAGE TO COMPUTER RESOURCE OR UTILITY (SECTION 66(1) IT ACT),1,27,13,3,0,44
SIKKIM,LOSS OR DAMAGE TO COMPUTER RESOURCE OR UTILITY (SECTION 66(1) IT ACT),0,0,0,0,0,0
TAMIL NADU,LOSS OR DAMAGE TO COMPUTER RESOURCE OR UTILITY (SECTION 66(1) IT ACT),0,13,10,11,1,35
TRIPURA,LOSS OR DAMAGE TO COMPUTER RESOURCE OR UTILITY (SECTION 66(1) IT ACT),1,6,1,0,0,8
UTTAR PRADESH,LOSS OR DAMAGE TO COMPUTER RESOURCE OR UTILITY (SECTION 66(1) IT ACT),0,38,10,0,0,48
UTTARAKHAND,LOSS OR DAMAGE TO COMPUTER RESOURCE OR UTILITY (SECTION 66(1) IT ACT),0,0,0,0,0,0
WEST BENGAL,LOSS OR DAMAGE TO COMPUTER RESOURCE OR UTILITY (SECTION 66(1) IT ACT),0,12,9,1,0,22
TOT (STATES),LOSS OR DAMAGE TO COMPUTER RESOURCE OR UTILITY (SECTION 66(1) IT ACT),10,440,298,41,3,792
A & N ISLANDS,LOSS OR DAMAGE TO COMPUTER RESOURCE OR UTILITY (SECTION 66(1) IT ACT),0,3,0,0,0,3
CHANDIGARH,LOSS OR DAMAGE TO COMPUTER RESOURCE OR UTILITY (SECTION 66(1) IT ACT),0,0,0,0,0,0
D & N HAVELI,LOSS OR DAMAGE TO COMPUTER RESOURCE OR UTILITY (SECTION 66(1) IT ACT),0,0,0,0,0,0
DAMAN & DIU,LOSS OR DAMAGE TO COMPUTER RESOURCE OR UTILITY (SECTION 66(1) IT ACT),0,0,0,0,0,0
DELHI,LOSS OR DAMAGE TO COMPUTER RESOURCE OR UTILITY (SECTION 66(1) IT ACT),0,11,9,3,0,23
LAKSHADWEEP,LOSS OR DAMAGE TO COMPUTER RESOURCE OR UTILITY (SECTION 66(1) IT ACT),0,0,0,0,0,0
PUDUCHERRY,LOSS OR DAMAGE TO COMPUTER RESOURCE OR UTILITY (SECTION 66(1) IT ACT),0,0,0,0,0,0
TOT (UTS),LOSS OR DAMAGE TO COMPUTER RESOURCE OR UTILITY (SECTION 66(1) IT ACT),0,14,9,3,0,26
TOT (ALL INDIA),LOSS OR DAMAGE TO COMPUTER RESOURCE OR UTILITY (SECTION 66(1) IT ACT),10,454,307,44,3,818
ANDHRA PRADESH,HACKING (SECTION 66(2) IT ACT),1,9,1,0,0,11
ARUNACHAL PRADESH,HACKING (SECTION 66(2) IT ACT),0,0,0,0,0,0
ASSAM,HACKING (SECTION 66(2) IT ACT),0,0,0,0,0,0
BIHAR,HACKING (SECTION 66(2) IT ACT),0,0,0,0,0,0
CHHATTISGARH,HACKING (SECTION 66(2) IT ACT),0,3,3,0,0,6
GOA,HACKING (SECTION 66(2) IT ACT),0,0,0,0,0,0
GUJARAT,HACKING (SECTION 66(2) IT ACT),0,11,3,2,0,16
HARYANA,HACKING (SECTION 66(2) IT ACT),0,0,4,2,1,7
HIMACHAL PRADESH,HACKING (SECTION 66(2) IT ACT),0,0,1,0,0,1
JAMMU & KASHMIR,HACKING (SECTION 66(2) IT ACT),0,1,0,0,0,1
JHARKHAND,HACKING (SECTION 66(2) IT ACT),0,0,0,0,0,0
KARNATAKA,HACKING (SECTION 66(2) IT ACT),0,19,25,0,0,44
KERALA,HACKING (SECTION 66(2) IT ACT),0,4,4,0,0,8
MADHYA PRADESH,HACKING (SECTION 66(2) IT ACT),0,3,2,1,1,7
MAHARASHTRA,HACKING (SECTION 66(2) IT ACT),1,5,11,0,0,17
MANIPUR,HACKING (SECTION 66(2) IT ACT),0,0,0,0,0,0
MEGHALAYA,HACKING (SECTION 66(2) IT ACT),0,0,0,0,0,0
MIZORAM,HACKING (SECTION 66(2) IT ACT),0,0,0,0,0,0
NAGALAND,HACKING (SECTION 66(2) IT ACT),0,0,0,0,0,0
ORISSA,HACKING (SECTION 66(2) IT ACT),0,0,12,0,0,12
PUNJAB,HACKING (SECTION 66(2) IT ACT),0,6,7,1,0,14
RAJASTHAN,HACKING (SECTION 66(2) IT ACT),0,2,4,0,0,6
SIKKIM,HACKING (SECTION 66(2) IT ACT),0,0,0,0,0,0
TAMIL NADU,HACKING (SECTION 66(2) IT ACT),0,2,0,0,0,2
TRIPURA,HACKING (SECTION 66(2) IT ACT),0,0,0,0,0,0
UTTAR PRADESH,HACKING (SECTION 66(2) IT ACT),0,10,6,0,0,16
UTTARAKHAND,HACKING (SECTION 66(2) IT ACT),0,0,0,0,0,0
WEST BENGAL,HACKING (SECTION 66(2) IT ACT),0,6,2,0,0,8
TOT (STATES),HACKING (SECTION 66(2) IT ACT),2,81,85,6,2,176
A & N ISLANDS,HACKING (SECTION 66(2) IT ACT),0,0,0,0,0,0
CHANDIGARH,HACKING (SECTION 66(2) IT ACT),0,6,0,0,0,6
D & N HAVELI,HACKING (SECTION 66(2) IT ACT),0,0,0,0,0,0
DAMAN & DIU,HACKING (SECTION 66(2) IT ACT),0,0,2,0,0,2
DELHI,HACKING (SECTION 66(2) IT ACT),0,5,3,0,0,8
LAKSHADWEEP,HACKING (SECTION 66(2) IT ACT),0,0,0,0,0,0
PUDUCHERRY,HACKING (SECTION 66(2) IT ACT),0,0,1,0,0,1
TOT (UTS),HACKING (SECTION 66(2) IT ACT),0,11,6,0,0,17
TOT (ALL INDIA),HACKING (SECTION 66(2) IT ACT),2,92,91,6,2,193
ANDHRA PRADESH,OBSCENE PUBLICATION OR TRANSMISSION IN ELECTRONIC FORM (SECTION 67 IT ACT),7,70,30,0,0,107
ARUNACHAL PRADESH,OBSCENE PUBLICATION OR TRANSMISSION IN ELECTRONIC FORM (SECTION 67 IT ACT),0,0,3,0,0,3
ASSAM,OBSCENE PUBLICATION OR TRANSMISSION IN ELECTRONIC FORM (SECTION 67 IT ACT),0,2,0,0,0,2
BIHAR,OBSCENE PUBLICATION OR TRANSMISSION IN ELECTRONIC FORM (SECTION 67 IT ACT),0,2,0,0,0,2
CHHATTISGARH,OBSCENE PUBLICATION OR TRANSMISSION IN ELECTRONIC FORM (SECTION 67 IT ACT),0,4,0,0,0,4
GOA,OBSCENE PUBLICATION OR TRANSMISSION IN ELECTRONIC FORM (SECTION 67 IT ACT),0,4,4,2,0,10
GUJARAT,OBSCENE PUBLICATION OR TRANSMISSION IN ELECTRONIC FORM (SECTION 67 IT ACT),0,4,2,2,0,8
HARYANA,OBSCENE PUBLICATION OR TRANSMISSION IN ELECTRONIC FORM (SECTION 67 IT ACT),0,5,1,0,0,6
HIMACHAL PRADESH,OBSCENE PUBLICATION OR TRANSMISSION IN ELECTRONIC FORM (SECTION 67 IT ACT),0,6,3,0,0,9
JAMMU & KASHMIR,OBSCENE PUBLICATION OR TRANSMISSION IN ELECTRONIC FORM (SECTION 67 IT ACT),0,1,2,1,0,4
JHARKHAND,OBSCENE PUBLICATION OR TRANSMISSION IN ELECTRONIC FORM (SECTION 67 IT ACT),0,2,0,0,0,2
KARNATAKA,OBSCENE PUBLICATION OR TRANSMISSION IN ELECTRONIC FORM (SECTION 67 IT ACT),0,12,3,1,1,17
KERALA,OBSCENE PUBLICATION OR TRANSMISSION IN ELECTRONIC FORM (SECTION 67 IT ACT),9,47,38,13,0,107
MADHYA PRADESH,OBSCENE PUBLICATION OR TRANSMISSION IN ELECTRONIC FORM (SECTION 67 IT ACT),0,21,4,0,0,25
MAHARASHTRA,OBSCENE PUBLICATION OR TRANSMISSION IN ELECTRONIC FORM (SECTION 67 IT ACT),2,66,44,16,2,130
MANIPUR,OBSCENE PUBLICATION OR TRANSMISSION IN ELECTRONIC FORM (SECTION 67 IT ACT),0,0,0,0,0,0
MEGHALAYA,OBSCENE PUBLICATION OR TRANSMISSION IN ELECTRONIC FORM (SECTION 67 IT ACT),0,0,0,0,0,0
MIZORAM,OBSCENE PUBLICATION OR TRANSMISSION IN ELECTRONIC FORM (SECTION 67 IT ACT),0,0,0,0,0,0
NAGALAND,OBSCENE PUBLICATION OR TRANSMISSION IN ELECTRONIC FORM (SECTION 67 IT ACT),0,0,0,0,0,0
ORISSA,OBSCENE PUBLICATION OR TRANSMISSION IN ELECTRONIC FORM (SECTION 67 IT ACT),0,1,1,0,0,2
PUNJAB,OBSCENE PUBLICATION OR TRANSMISSION IN ELECTRONIC FORM (SECTION 67 IT ACT),2,15,8,2,1,28
RAJASTHAN,OBSCENE PUBLICATION OR TRANSMISSION IN ELECTRONIC FORM (SECTION 67 IT ACT),0,50,22,8,0,80
SIKKIM,OBSCENE PUBLICATION OR TRANSMISSION IN ELECTRONIC FORM (SECTION 67 IT ACT),0,0,0,0,0,0
TAMIL NADU,OBSCENE PUBLICATION OR TRANSMISSION IN ELECTRONIC FORM (SECTION 67 IT ACT),0,3,0,1,0,4
TRIPURA,OBSCENE PUBLICATION OR TRANSMISSION IN ELECTRONIC FORM (SECTION 67 IT ACT),0,4,1,0,0,5
UTTAR PRADESH,OBSCENE PUBLICATION OR TRANSMISSION IN ELECTRONIC FORM (SECTION 67 IT ACT),0,130,32,5,0,167
UTTARAKHAND,OBSCENE PUBLICATION OR TRANSMISSION IN ELECTRONIC FORM (SECTION 67 IT ACT),0,2,1,0,0,3
WEST BENGAL,OBSCENE PUBLICATION OR TRANSMISSION IN ELECTRONIC FORM (SECTION 67 IT ACT),0,5,4,1,0,10
TOT (STATES),OBSCENE PUBLICATION OR TRANSMISSION IN ELECTRONIC FORM (SECTION 67 IT ACT),20,456,203,52,4,735
A & N ISLANDS,OBSCENE PUBLICATION OR TRANSMISSION IN ELECTRONIC FORM (SECTION 67 IT ACT),0,0,0,0,0,0
CHANDIGARH,OBSCENE PUBLICATION OR TRANSMISSION IN ELECTRONIC FORM (SECTION 67 IT ACT),0,1,0,0,0,1
D & N HAVELI,OBSCENE PUBLICATION OR TRANSMISSION IN ELECTRONIC FORM (SECTION 67 IT ACT),0,0,0,0,0,0
DAMAN & DIU,OBSCENE PUBLICATION OR TRANSMISSION IN ELECTRONIC FORM (SECTION 67 IT ACT),0,0,0,0,0,0
DELHI,OBSCENE PUBLICATION OR TRANSMISSION IN ELECTRONIC FORM (SECTION 67 IT ACT),0,0,0,0,0,0
LAKSHADWEEP,OBSCENE PUBLICATION OR TRANSMISSION IN ELECTRONIC FORM (SECTION 67 IT ACT),0,0,0,0,0,0
PUDUCHERRY,OBSCENE PUBLICATION OR TRANSMISSION IN ELECTRONIC FORM (SECTION 67 IT ACT),0,0,0,1,0,1
TOT (UTS),OBSCENE PUBLICATION OR TRANSMISSION IN ELECTRONIC FORM (SECTION 67 IT ACT),0,1,0,1,0,2
TOT (ALL INDIA),OBSCENE PUBLICATION OR TRANSMISSION IN ELECTRONIC FORM (SECTION 67 IT ACT),20,457,203,53,4,737
ANDHRA PRADESH,FAILURE - OF COMPLIANCE OR ORDERS OF CERTIFYING AUTHORITY (SECTION 68    IT ACT),0,0,0,0,0,0
ARUNACHAL PRADESH,FAILURE - OF COMPLIANCE OR ORDERS OF CERTIFYING AUTHORITY (SECTION 68    IT ACT),0,0,0,0,0,0
ASSAM,FAILURE - OF COMPLIANCE OR ORDERS OF CERTIFYING AUTHORITY (SECTION 68    IT ACT),0,0,0,0,0,0
BIHAR,FAILURE - OF COMPLIANCE OR ORDERS OF CERTIFYING AUTHORITY (SECTION 68    IT ACT),0,0,0,0,0,0
CHHATTISGARH,FAILURE - OF COMPLIANCE OR ORDERS OF CERTIFYING AUTHORITY (SECTION 68    IT ACT),0,0,0,0,0,0
GOA,FAILURE - OF COMPLIANCE OR ORDERS OF CERTIFYING AUTHORITY (SECTION 68    IT ACT),0,0,0,0,0,0
GUJARAT,FAILURE - OF COMPLIANCE OR ORDERS OF CERTIFYING AUTHORITY (SECTION 68    IT ACT),0,0,0,0,0,0
HARYANA,FAILURE - OF COMPLIANCE OR ORDERS OF CERTIFYING AUTHORITY (SECTION 68    IT ACT),0,0,0,0,0,0
HIMACHAL PRADESH,FAILURE - OF COMPLIANCE OR ORDERS OF CERTIFYING AUTHORITY (SECTION 68    IT ACT),0,0,0,0,0,0
JAMMU & KASHMIR,FAILURE - OF COMPLIANCE OR ORDERS OF CERTIFYING AUTHORITY (SECTION 68    IT ACT),0,0,0,0,0,0
JHARKHAND,FAILURE - OF COMPLIANCE OR ORDERS OF CERTIFYING AUTHORITY (SECTION 68    IT ACT),0,0,0,0,0,0
KARNATAKA,FAILURE - OF COMPLIANCE OR ORDERS OF CERTIFYING AUTHORITY (SECTION 68    IT ACT),0,0,0,0,0,0
KERALA,FAILURE - OF COMPLIANCE OR ORDERS OF CERTIFYING AUTHORITY (SECTION 68    IT ACT),0,1,2,0,0,3
MADHYA PRADESH,FAILURE - OF COMPLIANCE OR ORDERS OF CERTIFYING AUTHORITY (SECTION 68    IT ACT),0,0,0,0,0,0
MAHARASHTRA,FAILURE - OF COMPLIANCE OR ORDERS OF CERTIFYING AUTHORITY (SECTION 68    IT ACT),0,0,0,0,0,0
MANIPUR,FAILURE - OF COMPLIANCE OR ORDERS OF CERTIFYING AUTHORITY (SECTION 68    IT ACT),0,0,0,0,0,0
MEGHALAYA,FAILURE - OF COMPLIANCE OR ORDERS OF CERTIFYING AUTHORITY (SECTION 68    IT ACT),0,0,0,0,0,0
MIZORAM,FAILURE - OF COMPLIANCE OR ORDERS OF CERTIFYING AUTHORITY (SECTION 68    IT ACT),0,0,0,0,0,0
NAGALAND,FAILURE - OF COMPLIANCE OR ORDERS OF CERTIFYING AUTHORITY (SECTION 68    IT ACT),0,0,0,0,0,0
ORISSA,FAILURE - OF COMPLIANCE OR ORDERS OF CERTIFYING AUTHORITY (SECTION 68    IT ACT),0,0,0,0,0,0
PUNJAB,FAILURE - OF COMPLIANCE OR ORDERS OF CERTIFYING AUTHORITY (SECTION 68    IT ACT),0,0,0,0,0,0
RAJASTHAN,FAILURE - OF COMPLIANCE OR ORDERS OF CERTIFYING AUTHORITY (SECTION 68    IT ACT),0,0,0,0,0,0
SIKKIM,FAILURE - OF COMPLIANCE OR ORDERS OF CERTIFYING AUTHORITY (SECTION 68    IT ACT),0,0,0,0,0,0
TAMIL NADU,FAILURE - OF COMPLIANCE OR ORDERS OF CERTIFYING AUTHORITY (SECTION 68    IT ACT),0,0,0,0,0,0
TRIPURA,FAILURE - OF COMPLIANCE OR ORDERS OF CERTIFYING AUTHORITY (SECTION 68    IT ACT),0,0,0,0,0,0
UTTAR PRADESH,FAILURE - OF COMPLIANCE OR ORDERS OF CERTIFYING AUTHORITY (SECTION 68    IT ACT),0,0,0,0,0,0
UTTARAKHAND,FAILURE - OF COMPLIANCE OR ORDERS OF CERTIFYING AUTHORITY (SECTION 68    IT ACT),0,0,0,0,0,0
WEST BENGAL,FAILURE - OF COMPLIANCE OR ORDERS OF CERTIFYING AUTHORITY (SECTION 68    IT ACT),0,0,0,0,0,0
TOT (STATES),FAILURE - OF COMPLIANCE OR ORDERS OF CERTIFYING AUTHORITY (SECTION 68    IT ACT),0,1,2,0,0,3
A & N ISLANDS,FAILURE - OF COMPLIANCE OR ORDERS OF CERTIFYING AUTHORITY (SECTION 68    IT ACT),0,0,0,0,0,0
CHANDIGARH,FAILURE - OF COMPLIANCE OR ORDERS OF CERTIFYING AUTHORITY (SECTION 68    IT ACT),0,0,0,0,0,0
D & N HAVELI,FAILURE - OF COMPLIANCE OR ORDERS OF CERTIFYING AUTHORITY (SECTION 68    IT ACT),0,0,0,0,0,0
DAMAN & DIU,FAILURE - OF COMPLIANCE OR ORDERS OF CERTIFYING AUTHORITY (SECTION 68    IT ACT),0,0,0,0,0,0
DELHI,FAILURE - OF COMPLIANCE OR ORDERS OF CERTIFYING AUTHORITY (SECTION 68    IT ACT),0,0,0,0,0,0
LAKSHADWEEP,FAILURE - OF COMPLIANCE OR ORDERS OF CERTIFYING AUTHORITY (SECTION 68    IT ACT),0,0,0,0,0,0
PUDUCHERRY,FAILURE - OF COMPLIANCE OR ORDERS OF CERTIFYING AUTHORITY (SECTION 68    IT ACT),0,0,0,0,0,0
TOT (UTS),FAILURE - OF COMPLIANCE OR ORDERS OF CERTIFYING AUTHORITY (SECTION 68    IT ACT),0,0,0,0,0,0
TOT (ALL INDIA),FAILURE - OF COMPLIANCE OR ORDERS OF CERTIFYING AUTHORITY (SECTION 68    IT ACT),0,1,2,0,0,3
ANDHRA PRADESH,FAILURE - TO ASSIST IN DECRYPTING THE INFORMATION INTERCEPTED BY GOVT AGENCY (SECTION 69 IT ACT),0,0,0,0,0,0
ARUNACHAL PRADESH,FAILURE - TO ASSIST IN DECRYPTING THE INFORMATION INTERCEPTED BY GOVT AGENCY (SECTION 69 IT ACT),0,0,0,0,0,0
ASSAM,FAILURE - TO ASSIST IN DECRYPTING THE INFORMATION INTERCEPTED BY GOVT AGENCY (SECTION 69 IT ACT),0,0,0,0,0,0
BIHAR,FAILURE - TO ASSIST IN DECRYPTING THE INFORMATION INTERCEPTED BY GOVT AGENCY (SECTION 69 IT ACT),0,0,0,0,0,0
CHHATTISGARH,FAILURE - TO ASSIST IN DECRYPTING THE INFORMATION INTERCEPTED BY GOVT AGENCY (SECTION 69 IT ACT),0,0,0,0,0,0
GOA,FAILURE - TO ASSIST IN DECRYPTING THE INFORMATION INTERCEPTED BY GOVT AGENCY (SECTION 69 IT ACT),0,0,0,0,0,0
GUJARAT,FAILURE - TO ASSIST IN DECRYPTING THE INFORMATION INTERCEPTED BY GOVT AGENCY (SECTION 69 IT ACT),0,0,0,0,0,0
HARYANA,FAILURE - TO ASSIST IN DECRYPTING THE INFORMATION INTERCEPTED BY GOVT AGENCY (SECTION 69 IT ACT),0,0,0,0,0,0
HIMACHAL PRADESH,FAILURE - TO ASSIST IN DECRYPTING THE INFORMATION INTERCEPTED BY GOVT AGENCY (SECTION 69 IT ACT),0,0,0,0,0,0
JAMMU & KASHMIR,FAILURE - TO ASSIST IN DECRYPTING THE INFORMATION INTERCEPTED BY GOVT AGENCY (SECTION 69 IT ACT),0,0,0,0,0,0
JHARKHAND,FAILURE - TO ASSIST IN DECRYPTING THE INFORMATION INTERCEPTED BY GOVT AGENCY (SECTION 69 IT ACT),0,0,0,0,0,0
KARNATAKA,FAILURE - TO ASSIST IN DECRYPTING THE INFORMATION INTERCEPTED BY GOVT AGENCY (SECTION 69 IT ACT),0,0,0,0,0,0
KERALA,FAILURE - TO ASSIST IN DECRYPTING THE INFORMATION INTERCEPTED BY GOVT AGENCY (SECTION 69 IT ACT),0,0,0,0,0,0
MADHYA PRADESH,FAILURE - TO ASSIST IN DECRYPTING THE INFORMATION INTERCEPTED BY GOVT AGENCY (SECTION 69 IT ACT),0,0,0,0,0,0
MAHARASHTRA,FAILURE - TO ASSIST IN DECRYPTING THE INFORMATION INTERCEPTED BY GOVT AGENCY (SECTION 69 IT ACT),3,4,0,0,0,7
MANIPUR,FAILURE - TO ASSIST IN DECRYPTING THE INFORMATION INTERCEPTED BY GOVT AGENCY (SECTION 69 IT ACT),0,0,0,0,0,0
MEGHALAYA,FAILURE - TO ASSIST IN DECRYPTING THE INFORMATION INTERCEPTED BY GOVT AGENCY (SECTION 69 IT ACT),0,0,0,0,0,0
MIZORAM,FAILURE - TO ASSIST IN DECRYPTING THE INFORMATION INTERCEPTED BY GOVT AGENCY (SECTION 69 IT ACT),0,0,0,0,0,0
NAGALAND,FAILURE - TO ASSIST IN DECRYPTING THE INFORMATION INTERCEPTED BY GOVT AGENCY (SECTION 69 IT ACT),0,0,0,0,0,0
ORISSA,FAILURE - TO ASSIST IN DECRYPTING THE INFORMATION INTERCEPTED BY GOVT AGENCY (SECTION 69 IT ACT),0,0,0,0,0,0
PUNJAB,FAILURE - TO ASSIST IN DECRYPTING THE INFORMATION INTERCEPTED BY GOVT AGENCY (SECTION 69 IT ACT),0,0,0,0,0,0
RAJASTHAN,FAILURE - TO ASSIST IN DECRYPTING THE INFORMATION INTERCEPTED BY GOVT AGENCY (SECTION 69 IT ACT),0,0,0,0,0,0
SIKKIM,FAILURE - TO ASSIST IN DECRYPTING THE INFORMATION INTERCEPTED BY GOVT AGENCY (SECTION 69 IT ACT),0,0,0,0,0,0
TAMIL NADU,FAILURE - TO ASSIST IN DECRYPTING THE INFORMATION INTERCEPTED BY GOVT AGENCY (SECTION 69 IT ACT),0,0,0,0,0,0
TRIPURA,FAILURE - TO ASSIST IN DECRYPTING THE INFORMATION INTERCEPTED BY GOVT AGENCY (SECTION 69 IT ACT),0,0,0,0,0,0
UTTAR PRADESH,FAILURE - TO ASSIST IN DECRYPTING THE INFORMATION INTERCEPTED BY GOVT AGENCY (SECTION 69 IT ACT),0,0,0,0,0,0
UTTARAKHAND,FAILURE - TO ASSIST IN DECRYPTING THE INFORMATION INTERCEPTED BY GOVT AGENCY (SECTION 69 IT ACT),0,0,0,0,0,0
WEST BENGAL,FAILURE - TO ASSIST IN DECRYPTING THE INFORMATION INTERCEPTED BY GOVT AGENCY (SECTION 69 IT ACT),0,0,0,0,0,0
TOT (STATES),FAILURE - TO ASSIST IN DECRYPTING THE INFORMATION INTERCEPTED BY GOVT AGENCY (SECTION 69 IT ACT),3,4,0,0,0,7
A & N ISLANDS,FAILURE - TO ASSIST IN DECRYPTING THE INFORMATION INTERCEPTED BY GOVT AGENCY (SECTION 69 IT ACT),0,0,0,0,0,0
CHANDIGARH,FAILURE - TO ASSIST IN DECRYPTING THE INFORMATION INTERCEPTED BY GOVT AGENCY (SECTION 69 IT ACT),0,0,0,0,0,0
D & N HAVELI,FAILURE - TO ASSIST IN DECRYPTING THE INFORMATION INTERCEPTED BY GOVT AGENCY (SECTION 69 IT ACT),0,0,0,0,0,0
DAMAN & DIU,FAILURE - TO ASSIST IN DECRYPTING THE INFORMATION INTERCEPTED BY GOVT AGENCY (SECTION 69 IT ACT),0,0,0,0,0,0
DELHI,FAILURE - TO ASSIST IN DECRYPTING THE INFORMATION INTERCEPTED BY GOVT AGENCY (SECTION 69 IT ACT),0,0,0,0,0,0
LAKSHADWEEP,FAILURE - TO ASSIST IN DECRYPTING THE INFORMATION INTERCEPTED BY GOVT AGENCY (SECTION 69 IT ACT),0,0,0,0,0,0
PUDUCHERRY,FAILURE - TO ASSIST IN DECRYPTING THE INFORMATION INTERCEPTED BY GOVT AGENCY (SECTION 69 IT ACT),0,0,0,0,0,0
TOT (UTS),FAILURE - TO ASSIST IN DECRYPTING THE INFORMATION INTERCEPTED BY GOVT AGENCY (SECTION 69 IT ACT),0,0,0,0,0,0
TOT (ALL INDIA),FAILURE - TO ASSIST IN DECRYPTING THE INFORMATION INTERCEPTED BY GOVT AGENCY (SECTION 69 IT ACT),3,4,0,0,0,7
ANDHRA PRADESH,UN-AUTHORISED ACCESS OR ATTEMPT TO ACCESS TO PROTECTED COMPUTER SYSTEM (SECTION 70 IT ACT),0,0,0,0,0,0
ARUNACHAL PRADESH,UN-AUTHORISED ACCESS OR ATTEMPT TO ACCESS TO PROTECTED COMPUTER SYSTEM (SECTION 70 IT ACT),0,0,0,0,0,0
ASSAM,UN-AUTHORISED ACCESS OR ATTEMPT TO ACCESS TO PROTECTED COMPUTER SYSTEM (SECTION 70 IT ACT),0,0,0,0,0,0
BIHAR,UN-AUTHORISED ACCESS OR ATTEMPT TO ACCESS TO PROTECTED COMPUTER SYSTEM (SECTION 70 IT ACT),0,0,0,0,0,0
CHHATTISGARH,UN-AUTHORISED ACCESS OR ATTEMPT TO ACCESS TO PROTECTED COMPUTER SYSTEM (SECTION 70 IT ACT),0,0,0,0,0,0
GOA,UN-AUTHORISED ACCESS OR ATTEMPT TO ACCESS TO PROTECTED COMPUTER SYSTEM (SECTION 70 IT ACT),0,0,0,0,0,0
GUJARAT,UN-AUTHORISED ACCESS OR ATTEMPT TO ACCESS TO PROTECTED COMPUTER SYSTEM (SECTION 70 IT ACT),0,0,0,0,0,0
HARYANA,UN-AUTHORISED ACCESS OR ATTEMPT TO ACCESS TO PROTECTED COMPUTER SYSTEM (SECTION 70 IT ACT),0,0,0,0,0,0
HIMACHAL PRADESH,UN-AUTHORISED ACCESS OR ATTEMPT TO ACCESS TO PROTECTED COMPUTER SYSTEM (SECTION 70 IT ACT),0,0,0,0,0,0
JAMMU & KASHMIR,UN-AUTHORISED ACCESS OR ATTEMPT TO ACCESS TO PROTECTED COMPUTER SYSTEM (SECTION 70 IT ACT),0,0,0,0,0,0
JHARKHAND,UN-AUTHORISED ACCESS OR ATTEMPT TO ACCESS TO PROTECTED COMPUTER SYSTEM (SECTION 70 IT ACT),0,0,0,0,0,0
KARNATAKA,UN-AUTHORISED ACCESS OR ATTEMPT TO ACCESS TO PROTECTED COMPUTER SYSTEM (SECTION 70 IT ACT),0,0,0,0,0,0
KERALA,UN-AUTHORISED ACCESS OR ATTEMPT TO ACCESS TO PROTECTED COMPUTER SYSTEM (SECTION 70 IT ACT),0,0,0,0,0,0
MADHYA PRADESH,UN-AUTHORISED ACCESS OR ATTEMPT TO ACCESS TO PROTECTED COMPUTER SYSTEM (SECTION 70 IT ACT),0,0,0,0,0,0
MAHARASHTRA,UN-AUTHORISED ACCESS OR ATTEMPT TO ACCESS TO PROTECTED COMPUTER SYSTEM (SECTION 70 IT ACT),0,0,0,0,0,0
MANIPUR,UN-AUTHORISED ACCESS OR ATTEMPT TO ACCESS TO PROTECTED COMPUTER SYSTEM (SECTION 70 IT ACT),0,0,0,0,0,0
MEGHALAYA,UN-AUTHORISED ACCESS OR ATTEMPT TO ACCESS TO PROTECTED COMPUTER SYSTEM (SECTION 70 IT ACT),0,0,0,0,0,0
MIZORAM,UN-AUTHORISED ACCESS OR ATTEMPT TO ACCESS TO PROTECTED COMPUTER SYSTEM (SECTION 70 IT ACT),0,0,0,0,0,0
NAGALAND,UN-AUTHORISED ACCESS OR ATTEMPT TO ACCESS TO PROTECTED COMPUTER SYSTEM (SECTION 70 IT ACT),0,0,0,0,0,0
ORISSA,UN-AUTHORISED ACCESS OR ATTEMPT TO ACCESS TO PROTECTED COMPUTER SYSTEM (SECTION 70 IT ACT),0,0,0,0,0,0
PUNJAB,UN-AUTHORISED ACCESS OR ATTEMPT TO ACCESS TO PROTECTED COMPUTER SYSTEM (SECTION 70 IT ACT),0,0,0,0,0,0
RAJASTHAN,UN-AUTHORISED ACCESS OR ATTEMPT TO ACCESS TO PROTECTED COMPUTER SYSTEM (SECTION 70 IT ACT),0,0,0,0,0,0
SIKKIM,UN-AUTHORISED ACCESS OR ATTEMPT TO ACCESS TO PROTECTED COMPUTER SYSTEM (SECTION 70 IT ACT),0,0,0,0,0,0
TAMIL NADU,UN-AUTHORISED ACCESS OR ATTEMPT TO ACCESS TO PROTECTED COMPUTER SYSTEM (SECTION 70 IT ACT),0,0,0,0,0,0
TRIPURA,UN-AUTHORISED ACCESS OR ATTEMPT TO ACCESS TO PROTECTED COMPUTER SYSTEM (SECTION 70 IT ACT),0,0,0,0,0,0
UTTAR PRADESH,UN-AUTHORISED ACCESS OR ATTEMPT TO ACCESS TO PROTECTED COMPUTER SYSTEM (SECTION 70 IT ACT),0,9,8,0,0,17
UTTARAKHAND,UN-AUTHORISED ACCESS OR ATTEMPT TO ACCESS TO PROTECTED COMPUTER SYSTEM (SECTION 70 IT ACT),0,0,0,0,0,0
WEST BENGAL,UN-AUTHORISED ACCESS OR ATTEMPT TO ACCESS TO PROTECTED COMPUTER SYSTEM (SECTION 70 IT ACT),0,0,0,0,0,0
TOT (STATES),UN-AUTHORISED ACCESS OR ATTEMPT TO ACCESS TO PROTECTED COMPUTER SYSTEM (SECTION 70 IT ACT),0,9,8,0,0,17
A & N ISLANDS,UN-AUTHORISED ACCESS OR ATTEMPT TO ACCESS TO PROTECTED COMPUTER SYSTEM (SECTION 70 IT ACT),0,0,0,0,0,0
CHANDIGARH,UN-AUTHORISED ACCESS OR ATTEMPT TO ACCESS TO PROTECTED COMPUTER SYSTEM (SECTION 70 IT ACT),0,0,0,0,0,0
D & N HAVELI,UN-AUTHORISED ACCESS OR ATTEMPT TO ACCESS TO PROTECTED COMPUTER SYSTEM (SECTION 70 IT ACT),0,0,0,0,0,0
DAMAN & DIU,UN-AUTHORISED ACCESS OR ATTEMPT TO ACCESS TO PROTECTED COMPUTER SYSTEM (SECTION 70 IT ACT),0,0,0,0,0,0
DELHI,UN-AUTHORISED ACCESS OR ATTEMPT TO ACCESS TO PROTECTED COMPUTER SYSTEM (SECTION 70 IT ACT),0,0,0,0,0,0
LAKSHADWEEP,UN-AUTHORISED ACCESS OR ATTEMPT TO ACCESS TO PROTECTED COMPUTER SYSTEM (SECTION 70 IT ACT),0,0,0,0,0,0
PUDUCHERRY,UN-AUTHORISED ACCESS OR ATTEMPT TO ACCESS TO PROTECTED COMPUTER SYSTEM (SECTION 70 IT ACT),0,0,0,0,0,0
TOT (UTS),UN-AUTHORISED ACCESS OR ATTEMPT TO ACCESS TO PROTECTED COMPUTER SYSTEM (SECTION 70 IT ACT),0,0,0,0,0,0
TOT (ALL INDIA),UN-AUTHORISED ACCESS OR ATTEMPT TO ACCESS TO PROTECTED COMPUTER SYSTEM (SECTION 70 IT ACT),0,9,8,0,0,17
ANDHRA PRADESH,OBTAINING LICENCE OR DIGITAL SIGNATURE CERTIFICATE BY MISREPRESENTATION OR SUPPRESSION OF FACT (SECTION 71 IT ACT),0,0,0,0,0,0
ARUNACHAL PRADESH,OBTAINING LICENCE OR DIGITAL SIGNATURE CERTIFICATE BY MISREPRESENTATION OR SUPPRESSION OF FACT (SECTION 71 IT ACT),0,0,0,0,0,0
ASSAM,OBTAINING LICENCE OR DIGITAL SIGNATURE CERTIFICATE BY MISREPRESENTATION OR SUPPRESSION OF FACT (SECTION 71 IT ACT),0,0,0,0,0,0
BIHAR,OBTAINING LICENCE OR DIGITAL SIGNATURE CERTIFICATE BY MISREPRESENTATION OR SUPPRESSION OF FACT (SECTION 71 IT ACT),0,0,0,0,0,0
CHHATTISGARH,OBTAINING LICENCE OR DIGITAL SIGNATURE CERTIFICATE BY MISREPRESENTATION OR SUPPRESSION OF FACT (SECTION 71 IT ACT),0,0,0,0,0,0
GOA,OBTAINING LICENCE OR DIGITAL SIGNATURE CERTIFICATE BY MISREPRESENTATION OR SUPPRESSION OF FACT (SECTION 71 IT ACT),0,0,0,0,0,0
GUJARAT,OBTAINING LICENCE OR DIGITAL SIGNATURE CERTIFICATE BY MISREPRESENTATION OR SUPPRESSION OF FACT (SECTION 71 IT ACT),0,0,0,0,0,0
HARYANA,OBTAINING LICENCE OR DIGITAL SIGNATURE CERTIFICATE BY MISREPRESENTATION OR SUPPRESSION OF FACT (SECTION 71 IT ACT),0,0,0,0,0,0
HIMACHAL PRADESH,OBTAINING LICENCE OR DIGITAL SIGNATURE CERTIFICATE BY MISREPRESENTATION OR SUPPRESSION OF FACT (SECTION 71 IT ACT),0,0,0,0,0,0
JAMMU & KASHMIR,OBTAINING LICENCE OR DIGITAL SIGNATURE CERTIFICATE BY MISREPRESENTATION OR SUPPRESSION OF FACT (SECTION 71 IT ACT),0,0,0,0,0,0
JHARKHAND,OBTAINING LICENCE OR DIGITAL SIGNATURE CERTIFICATE BY MISREPRESENTATION OR SUPPRESSION OF FACT (SECTION 71 IT ACT),0,0,0,0,0,0
KARNATAKA,OBTAINING LICENCE OR DIGITAL SIGNATURE CERTIFICATE BY MISREPRESENTATION OR SUPPRESSION OF FACT (SECTION 71 IT ACT),0,0,0,0,0,0
KERALA,OBTAINING LICENCE OR DIGITAL SIGNATURE CERTIFICATE BY MISREPRESENTATION OR SUPPRESSION OF FACT (SECTION 71 IT ACT),0,0,0,0,0,0
MADHYA PRADESH,OBTAINING LICENCE OR DIGITAL SIGNATURE CERTIFICATE BY MISREPRESENTATION OR SUPPRESSION OF FACT (SECTION 71 IT ACT),0,0,0,0,0,0
MAHARASHTRA,OBTAINING LICENCE OR DIGITAL SIGNATURE CERTIFICATE BY MISREPRESENTATION OR SUPPRESSION OF FACT (SECTION 71 IT ACT),0,7,3,0,0,10
MANIPUR,OBTAINING LICENCE OR DIGITAL SIGNATURE CERTIFICATE BY MISREPRESENTATION OR SUPPRESSION OF FACT (SECTION 71 IT ACT),0,0,0,0,0,0
MEGHALAYA,OBTAINING LICENCE OR DIGITAL SIGNATURE CERTIFICATE BY MISREPRESENTATION OR SUPPRESSION OF FACT (SECTION 71 IT ACT),0,0,0,0,0,0
MIZORAM,OBTAINING LICENCE OR DIGITAL SIGNATURE CERTIFICATE BY MISREPRESENTATION OR SUPPRESSION OF FACT (SECTION 71 IT ACT),0,0,0,0,0,0
NAGALAND,OBTAINING LICENCE OR DIGITAL SIGNATURE CERTIFICATE BY MISREPRESENTATION OR SUPPRESSION OF FACT (SECTION 71 IT ACT),0,0,0,0,0,0
ORISSA,OBTAINING LICENCE OR DIGITAL SIGNATURE CERTIFICATE BY MISREPRESENTATION OR SUPPRESSION OF FACT (SECTION 71 IT ACT),0,0,0,0,0,0
PUNJAB,OBTAINING LICENCE OR DIGITAL SIGNATURE CERTIFICATE BY MISREPRESENTATION OR SUPPRESSION OF FACT (SECTION 71 IT ACT),0,0,1,0,0,1
RAJASTHAN,OBTAINING LICENCE OR DIGITAL SIGNATURE CERTIFICATE BY MISREPRESENTATION OR SUPPRESSION OF FACT (SECTION 71 IT ACT),0,0,0,0,0,0
SIKKIM,OBTAINING LICENCE OR DIGITAL SIGNATURE CERTIFICATE BY MISREPRESENTATION OR SUPPRESSION OF FACT (SECTION 71 IT ACT),0,0,0,0,0,0
TAMIL NADU,OBTAINING LICENCE OR DIGITAL SIGNATURE CERTIFICATE BY MISREPRESENTATION OR SUPPRESSION OF FACT (SECTION 71 IT ACT),0,0,0,0,0,0
TRIPURA,OBTAINING LICENCE OR DIGITAL SIGNATURE CERTIFICATE BY MISREPRESENTATION OR SUPPRESSION OF FACT (SECTION 71 IT ACT),0,0,0,0,0,0
UTTAR PRADESH,OBTAINING LICENCE OR DIGITAL SIGNATURE CERTIFICATE BY MISREPRESENTATION OR SUPPRESSION OF FACT (SECTION 71 IT ACT),0,3,0,0,0,3
UTTARAKHAND,OBTAINING LICENCE OR DIGITAL SIGNATURE CERTIFICATE BY MISREPRESENTATION OR SUPPRESSION OF FACT (SECTION 71 IT ACT),0,0,0,0,0,0
WEST BENGAL,OBTAINING LICENCE OR DIGITAL SIGNATURE CERTIFICATE BY MISREPRESENTATION OR SUPPRESSION OF FACT (SECTION 71 IT ACT),0,0,0,0,0,0
TOT (STATES),OBTAINING LICENCE OR DIGITAL SIGNATURE CERTIFICATE BY MISREPRESENTATION OR SUPPRESSION OF FACT (SECTION 71 IT ACT),0,10,4,0,0,14
A & N ISLANDS,OBTAINING LICENCE OR DIGITAL SIGNATURE CERTIFICATE BY MISREPRESENTATION OR SUPPRESSION OF FACT (SECTION 71 IT ACT),0,0,0,0,0,0
CHANDIGARH,OBTAINING LICENCE OR DIGITAL SIGNATURE CERTIFICATE BY MISREPRESENTATION OR SUPPRESSION OF FACT (SECTION 71 IT ACT),0,0,0,0,0,0
D & N HAVELI,OBTAINING LICENCE OR DIGITAL SIGNATURE CERTIFICATE BY MISREPRESENTATION OR SUPPRESSION OF FACT (SECTION 71 IT ACT),0,0,0,0,0,0
DAMAN & DIU,OBTAINING LICENCE OR DIGITAL SIGNATURE CERTIFICATE BY MISREPRESENTATION OR SUPPRESSION OF FACT (SECTION 71 IT ACT),0,0,0,0,0,0
DELHI,OBTAINING LICENCE OR DIGITAL SIGNATURE CERTIFICATE BY MISREPRESENTATION OR SUPPRESSION OF FACT (SECTION 71 IT ACT),0,0,0,0,0,0
LAKSHADWEEP,OBTAINING LICENCE OR DIGITAL SIGNATURE CERTIFICATE BY MISREPRESENTATION OR SUPPRESSION OF FACT (SECTION 71 IT ACT),0,0,0,0,0,0
PUDUCHERRY,OBTAINING LICENCE OR DIGITAL SIGNATURE CERTIFICATE BY MISREPRESENTATION OR SUPPRESSION OF FACT (SECTION 71 IT ACT),0,0,0,0,0,0
TOT (UTS),OBTAINING LICENCE OR DIGITAL SIGNATURE CERTIFICATE BY MISREPRESENTATION OR SUPPRESSION OF FACT (SECTION 71 IT ACT),0,0,0,0,0,0
TOT (ALL INDIA),OBTAINING LICENCE OR DIGITAL SIGNATURE CERTIFICATE BY MISREPRESENTATION OR SUPPRESSION OF FACT (SECTION 71 IT ACT),0,10,4,0,0,14
ANDHRA PRADESH,PUBLISHING FALSE DIGITAL SIGNATURE CERTIFICATE (SECTION 73 IT ACT),0,0,0,1,0,1
ARUNACHAL PRADESH,PUBLISHING FALSE DIGITAL SIGNATURE CERTIFICATE (SECTION 73 IT ACT),0,0,0,0,0,0
ASSAM,PUBLISHING FALSE DIGITAL SIGNATURE CERTIFICATE (SECTION 73 IT ACT),0,0,0,0,0,0
BIHAR,PUBLISHING FALSE DIGITAL SIGNATURE CERTIFICATE (SECTION 73 IT ACT),0,0,0,0,0,0
CHHATTISGARH,PUBLISHING FALSE DIGITAL SIGNATURE CERTIFICATE (SECTION 73 IT ACT),0,0,0,0,0,0
GOA,PUBLISHING FALSE DIGITAL SIGNATURE CERTIFICATE (SECTION 73 IT ACT),0,0,0,0,0,0
GUJARAT,PUBLISHING FALSE DIGITAL SIGNATURE CERTIFICATE (SECTION 73 IT ACT),0,0,0,0,0,0
HARYANA,PUBLISHING FALSE DIGITAL SIGNATURE CERTIFICATE (SECTION 73 IT ACT),0,0,0,0,0,0
HIMACHAL PRADESH,PUBLISHING FALSE DIGITAL SIGNATURE CERTIFICATE (SECTION 73 IT ACT),0,0,0,0,0,0
JAMMU & KASHMIR,PUBLISHING FALSE DIGITAL SIGNATURE CERTIFICATE (SECTION 73 IT ACT),0,0,0,0,0,0
JHARKHAND,PUBLISHING FALSE DIGITAL SIGNATURE CERTIFICATE (SECTION 73 IT ACT),0,0,0,0,0,0
KARNATAKA,PUBLISHING FALSE DIGITAL SIGNATURE CERTIFICATE (SECTION 73 IT ACT),0,0,0,0,0,0
KERALA,PUBLISHING FALSE DIGITAL SIGNATURE CERTIFICATE (SECTION 73 IT ACT),0,0,0,0,0,0
MADHYA PRADESH,PUBLISHING FALSE DIGITAL SIGNATURE CERTIFICATE (SECTION 73 IT ACT),0,0,0,0,0,0
MAHARASHTRA,PUBLISHING FALSE DIGITAL SIGNATURE CERTIFICATE (SECTION 73 IT ACT),0,0,0,0,0,0
MANIPUR,PUBLISHING FALSE DIGITAL SIGNATURE CERTIFICATE (SECTION 73 IT ACT),0,0,0,0,0,0
MEGHALAYA,PUBLISHING FALSE DIGITAL SIGNATURE CERTIFICATE (SECTION 73 IT ACT),0,0,0,0,0,0
MIZORAM,PUBLISHING FALSE DIGITAL SIGNATURE CERTIFICATE (SECTION 73 IT ACT),0,0,0,0,0,0
NAGALAND,PUBLISHING FALSE DIGITAL SIGNATURE CERTIFICATE (SECTION 73 IT ACT),0,0,0,0,0,0
ORISSA,PUBLISHING FALSE DIGITAL SIGNATURE CERTIFICATE (SECTION 73 IT ACT),0,0,0,0,0,0
PUNJAB,PUBLISHING FALSE DIGITAL SIGNATURE CERTIFICATE (SECTION 73 IT ACT),0,0,0,0,0,0
RAJASTHAN,PUBLISHING FALSE DIGITAL SIGNATURE CERTIFICATE (SECTION 73 IT ACT),0,0,0,0,0,0
SIKKIM,PUBLISHING FALSE DIGITAL SIGNATURE CERTIFICATE (SECTION 73 IT ACT),0,0,0,0,0,0
TAMIL NADU,PUBLISHING FALSE DIGITAL SIGNATURE CERTIFICATE (SECTION 73 IT ACT),0,0,0,0,0,0
TRIPURA,PUBLISHING FALSE DIGITAL SIGNATURE CERTIFICATE (SECTION 73 IT ACT),0,0,0,0,0,0
UTTAR PRADESH,PUBLISHING FALSE DIGITAL SIGNATURE CERTIFICATE (SECTION 73 IT ACT),0,4,3,0,0,7
UTTARAKHAND,PUBLISHING FALSE DIGITAL SIGNATURE CERTIFICATE (SECTION 73 IT ACT),0,0,0,0,0,0
WEST BENGAL,PUBLISHING FALSE DIGITAL SIGNATURE CERTIFICATE (SECTION 73 IT ACT),0,0,0,0,0,0
TOT (STATES),PUBLISHING FALSE DIGITAL SIGNATURE CERTIFICATE (SECTION 73 IT ACT),0,4,3,1,0,8
A & N ISLANDS,PUBLISHING FALSE DIGITAL SIGNATURE CERTIFICATE (SECTION 73 IT ACT),0,0,0,0,0,0
CHANDIGARH,PUBLISHING FALSE DIGITAL SIGNATURE CERTIFICATE (SECTION 73 IT ACT),0,0,0,0,0,0
D & N HAVELI,PUBLISHING FALSE DIGITAL SIGNATURE CERTIFICATE (SECTION 73 IT ACT),0,0,0,0,0,0
DAMAN & DIU,PUBLISHING FALSE DIGITAL SIGNATURE CERTIFICATE (SECTION 73 IT ACT),0,0,0,0,0,0
DELHI,PUBLISHING FALSE DIGITAL SIGNATURE CERTIFICATE (SECTION 73 IT ACT),0,0,0,0,0,0
LAKSHADWEEP,PUBLISHING FALSE DIGITAL SIGNATURE CERTIFICATE (SECTION 73 IT ACT),0,0,0,0,0,0
PUDUCHERRY,PUBLISHING FALSE DIGITAL SIGNATURE CERTIFICATE (SECTION 73 IT ACT),0,0,0,0,0,0
TOT (UTS),PUBLISHING FALSE DIGITAL SIGNATURE CERTIFICATE (SECTION 73 IT ACT),0,0,0,0,0,0
TOT (ALL INDIA),PUBLISHING FALSE DIGITAL SIGNATURE CERTIFICATE (SECTION 73 IT ACT),0,4,3,1,0,8
ANDHRA PRADESH,FRAUD DIGITAL SIGNATURE CERTIFICATE (SECTION 74 IT ACT),0,1,0,3,0,4
ARUNACHAL PRADESH,FRAUD DIGITAL SIGNATURE CERTIFICATE (SECTION 74 IT ACT),0,0,0,0,0,0
ASSAM,FRAUD DIGITAL SIGNATURE CERTIFICATE (SECTION 74 IT ACT),0,0,0,0,0,0
BIHAR,FRAUD DIGITAL SIGNATURE CERTIFICATE (SECTION 74 IT ACT),0,0,0,0,0,0
CHHATTISGARH,FRAUD DIGITAL SIGNATURE CERTIFICATE (SECTION 74 IT ACT),0,0,0,0,0,0
GOA,FRAUD DIGITAL SIGNATURE CERTIFICATE (SECTION 74 IT ACT),0,0,0,0,0,0
GUJARAT,FRAUD DIGITAL SIGNATURE CERTIFICATE (SECTION 74 IT ACT),0,0,0,0,0,0
HARYANA,FRAUD DIGITAL SIGNATURE CERTIFICATE (SECTION 74 IT ACT),0,0,0,0,0,0
HIMACHAL PRADESH,FRAUD DIGITAL SIGNATURE CERTIFICATE (SECTION 74 IT ACT),0,0,0,0,0,0
JAMMU & KASHMIR,FRAUD DIGITAL SIGNATURE CERTIFICATE (SECTION 74 IT ACT),0,0,0,0,0,0
JHARKHAND,FRAUD DIGITAL SIGNATURE CERTIFICATE (SECTION 74 IT ACT),0,2,2,0,0,4
KARNATAKA,FRAUD DIGITAL SIGNATURE CERTIFICATE (SECTION 74 IT ACT),0,0,0,0,0,0
KERALA,FRAUD DIGITAL SIGNATURE CERTIFICATE (SECTION 74 IT ACT),0,0,0,1,0,1
MADHYA PRADESH,FRAUD DIGITAL SIGNATURE CERTIFICATE (SECTION 74 IT ACT),0,0,0,0,0,0
MAHARASHTRA,FRAUD DIGITAL SIGNATURE CERTIFICATE (SECTION 74 IT ACT),0,2,2,1,0,5
MANIPUR,FRAUD DIGITAL SIGNATURE CERTIFICATE (SECTION 74 IT ACT),0,0,0,0,0,0
MEGHALAYA,FRAUD DIGITAL SIGNATURE CERTIFICATE (SECTION 74 IT ACT),0,0,0,0,0,0
MIZORAM,FRAUD DIGITAL SIGNATURE CERTIFICATE (SECTION 74 IT ACT),0,0,0,0,0,0
NAGALAND,FRAUD DIGITAL SIGNATURE CERTIFICATE (SECTION 74 IT ACT),0,0,0,0,0,0
ORISSA,FRAUD DIGITAL SIGNATURE CERTIFICATE (SECTION 74 IT ACT),0,12,3,0,0,15
PUNJAB,FRAUD DIGITAL SIGNATURE CERTIFICATE (SECTION 74 IT ACT),0,1,3,0,0,4
RAJASTHAN,FRAUD DIGITAL SIGNATURE CERTIFICATE (SECTION 74 IT ACT),0,1,1,0,0,2
SIKKIM,FRAUD DIGITAL SIGNATURE CERTIFICATE (SECTION 74 IT ACT),0,0,0,0,0,0
TAMIL NADU,FRAUD DIGITAL SIGNATURE CERTIFICATE (SECTION 74 IT ACT),0,0,0,0,0,0
TRIPURA,FRAUD DIGITAL SIGNATURE CERTIFICATE (SECTION 74 IT ACT),0,0,0,0,0,0
UTTAR PRADESH,FRAUD DIGITAL SIGNATURE CERTIFICATE (SECTION 74 IT ACT),0,8,6,0,0,14
UTTARAKHAND,FRAUD DIGITAL SIGNATURE CERTIFICATE (SECTION 74 IT ACT),0,0,0,0,0,0
WEST BENGAL,FRAUD DIGITAL SIGNATURE CERTIFICATE (SECTION 74 IT ACT),0,0,0,0,0,0
TOT (STATES),FRAUD DIGITAL SIGNATURE CERTIFICATE (SECTION 74 IT ACT),0,27,17,5,0,49
A & N ISLANDS,FRAUD DIGITAL SIGNATURE CERTIFICATE (SECTION 74 IT ACT),0,0,0,0,0,0
CHANDIGARH,FRAUD DIGITAL SIGNATURE CERTIFICATE (SECTION 74 IT ACT),0,0,0,0,0,0
D & N HAVELI,FRAUD DIGITAL SIGNATURE CERTIFICATE (SECTION 74 IT ACT),0,0,0,0,0,0
DAMAN & DIU,FRAUD DIGITAL SIGNATURE CERTIFICATE (SECTION 74 IT ACT),0,0,0,0,0,0
DELHI,FRAUD DIGITAL SIGNATURE CERTIFICATE (SECTION 74 IT ACT),0,0,2,0,0,2
LAKSHADWEEP,FRAUD DIGITAL SIGNATURE CERTIFICATE (SECTION 74 IT ACT),0,0,0,0,0,0
PUDUCHERRY,FRAUD DIGITAL SIGNATURE CERTIFICATE (SECTION 74 IT ACT),0,0,0,0,0,0
TOT (UTS),FRAUD DIGITAL SIGNATURE CERTIFICATE (SECTION 74 IT ACT),0,0,2,0,0,2
TOT (ALL INDIA),FRAUD DIGITAL SIGNATURE CERTIFICATE (SECTION 74 IT ACT),0,27,19,5,0,51
ANDHRA PRADESH,BREACH OF CONFIDENTIALITY OR PRIVACY (SECTION 72 IT ACT),0,4,1,1,0,6
ARUNACHAL PRADESH,BREACH OF CONFIDENTIALITY OR PRIVACY (SECTION 72 IT ACT),0,0,0,0,0,0
ASSAM,BREACH OF CONFIDENTIALITY OR PRIVACY (SECTION 72 IT ACT),0,0,0,0,0,0
BIHAR,BREACH OF CONFIDENTIALITY OR PRIVACY (SECTION 72 IT ACT),0,0,0,0,0,0
CHHATTISGARH,BREACH OF CONFIDENTIALITY OR PRIVACY (SECTION 72 IT ACT),0,0,0,0,0,0
GOA,BREACH OF CONFIDENTIALITY OR PRIVACY (SECTION 72 IT ACT),0,0,0,0,0,0
GUJARAT,BREACH OF CONFIDENTIALITY OR PRIVACY (SECTION 72 IT ACT),0,0,0,0,0,0
HARYANA,BREACH OF CONFIDENTIALITY OR PRIVACY (SECTION 72 IT ACT),0,0,0,0,0,0
HIMACHAL PRADESH,BREACH OF CONFIDENTIALITY OR PRIVACY (SECTION 72 IT ACT),0,0,0,0,0,0
JAMMU & KASHMIR,BREACH OF CONFIDENTIALITY OR PRIVACY (SECTION 72 IT ACT),0,0,0,0,0,0
JHARKHAND,BREACH OF CONFIDENTIALITY OR PRIVACY (SECTION 72 IT ACT),0,0,0,0,0,0
KARNATAKA,BREACH OF CONFIDENTIALITY OR PRIVACY (SECTION 72 IT ACT),0,0,2,0,0,2
KERALA,BREACH OF CONFIDENTIALITY OR PRIVACY (SECTION 72 IT ACT),0,4,2,1,0,7
MADHYA PRADESH,BREACH OF CONFIDENTIALITY OR PRIVACY (SECTION 72 IT ACT),0,0,0,0,0,0
MAHARASHTRA,BREACH OF CONFIDENTIALITY OR PRIVACY (SECTION 72 IT ACT),0,1,1,1,0,3
MANIPUR,BREACH OF CONFIDENTIALITY OR PRIVACY (SECTION 72 IT ACT),0,0,0,0,0,0
MEGHALAYA,BREACH OF CONFIDENTIALITY OR PRIVACY (SECTION 72 IT ACT),0,0,0,0,0,0
MIZORAM,BREACH OF CONFIDENTIALITY OR PRIVACY (SECTION 72 IT ACT),0,0,0,0,0,0
NAGALAND,BREACH OF CONFIDENTIALITY OR PRIVACY (SECTION 72 IT ACT),0,0,0,0,0,0
ORISSA,BREACH OF CONFIDENTIALITY OR PRIVACY (SECTION 72 IT ACT),0,0,0,0,0,0
PUNJAB,BREACH OF CONFIDENTIALITY OR PRIVACY (SECTION 72 IT ACT),0,0,0,0,0,0
RAJASTHAN,BREACH OF CONFIDENTIALITY OR PRIVACY (SECTION 72 IT ACT),0,0,0,0,0,0
SIKKIM,BREACH OF CONFIDENTIALITY OR PRIVACY (SECTION 72 IT ACT),0,0,0,0,0,0
TAMIL NADU,BREACH OF CONFIDENTIALITY OR PRIVACY (SECTION 72 IT ACT),0,0,0,0,0,0
TRIPURA,BREACH OF CONFIDENTIALITY OR PRIVACY (SECTION 72 IT ACT),0,0,0,0,0,0
UTTAR PRADESH,BREACH OF CONFIDENTIALITY OR PRIVACY (SECTION 72 IT ACT),0,9,0,0,0,9
UTTARAKHAND,BREACH OF CONFIDENTIALITY OR PRIVACY (SECTION 72 IT ACT),0,0,0,0,0,0
WEST BENGAL,BREACH OF CONFIDENTIALITY OR PRIVACY (SECTION 72 IT ACT),0,0,2,0,0,2
TOT (STATES),BREACH OF CONFIDENTIALITY OR PRIVACY (SECTION 72 IT ACT),0,18,8,3,0,29
A & N ISLANDS,BREACH OF CONFIDENTIALITY OR PRIVACY (SECTION 72 IT ACT),0,0,0,0,0,0
CHANDIGARH,BREACH OF CONFIDENTIALITY OR PRIVACY (SECTION 72 IT ACT),0,0,0,0,0,0
D & N HAVELI,BREACH OF CONFIDENTIALITY OR PRIVACY (SECTION 72 IT ACT),0,0,0,0,0,0
DAMAN & DIU,BREACH OF CONFIDENTIALITY OR PRIVACY (SECTION 72 IT ACT),0,0,0,0,0,0
DELHI,BREACH OF CONFIDENTIALITY OR PRIVACY (SECTION 72 IT ACT),0,1,0,0,0,1
LAKSHADWEEP,BREACH OF CONFIDENTIALITY OR PRIVACY (SECTION 72 IT ACT),0,0,0,0,0,0
PUDUCHERRY,BREACH OF CONFIDENTIALITY OR PRIVACY (SECTION 72 IT ACT),0,0,0,0,0,0
TOT (UTS),BREACH OF CONFIDENTIALITY OR PRIVACY (SECTION 72 IT ACT),0,1,0,0,0,1
TOT (ALL INDIA),BREACH OF CONFIDENTIALITY OR PRIVACY (SECTION 72 IT ACT),0,19,8,3,0,30
ANDHRA PRADESH,OTHER SECTIONS OF IT ACT,0,0,0,0,0,0
ARUNACHAL PRADESH,OTHER SECTIONS OF IT ACT,0,0,0,0,0,0
ASSAM,OTHER SECTIONS OF IT ACT,0,0,0,0,0,0
BIHAR,OTHER SECTIONS OF IT ACT,0,0,0,0,0,0
CHHATTISGARH,OTHER SECTIONS OF IT ACT,0,0,0,0,0,0
GOA,OTHER SECTIONS OF IT ACT,0,0,0,0,0,0
GUJARAT,OTHER SECTIONS OF IT ACT,0,0,0,0,0,0
HARYANA,OTHER SECTIONS OF IT ACT,0,0,0,0,0,0
HIMACHAL PRADESH,OTHER SECTIONS OF IT ACT,0,0,0,0,0,0
JAMMU & KASHMIR,OTHER SECTIONS OF IT ACT,0,6,4,0,0,10
JHARKHAND,OTHER SECTIONS OF IT ACT,0,0,0,0,0,0
KARNATAKA,OTHER SECTIONS OF IT ACT,0,0,0,0,0,0
KERALA,OTHER SECTIONS OF IT ACT,0,0,0,0,0,0
MADHYA PRADESH,OTHER SECTIONS OF IT ACT,0,0,0,0,0,0
MAHARASHTRA,OTHER SECTIONS OF IT ACT,9,84,49,8,1,151
MANIPUR,OTHER SECTIONS OF IT ACT,0,0,0,0,0,0
MEGHALAYA,OTHER SECTIONS OF IT ACT,0,0,0,0,0,0
MIZORAM,OTHER SECTIONS OF IT ACT,0,0,0,0,0,0
NAGALAND,OTHER SECTIONS OF IT ACT,0,0,0,0,0,0
ORISSA,OTHER SECTIONS OF IT ACT,0,0,0,0,0,0
PUNJAB,OTHER SECTIONS OF IT ACT,0,0,0,0,0,0
RAJASTHAN,OTHER SECTIONS OF IT ACT,0,0,0,0,0,0
SIKKIM,OTHER SECTIONS OF IT ACT,0,0,0,0,0,0
TAMIL NADU,OTHER SECTIONS OF IT ACT,0,0,0,0,0,0
TRIPURA,OTHER SECTIONS OF IT ACT,0,0,0,0,0,0
UTTAR PRADESH,OTHER SECTIONS OF IT ACT,0,0,0,0,0,0
UTTARAKHAND,OTHER SECTIONS OF IT ACT,0,0,0,0,0,0
WEST BENGAL,OTHER SECTIONS OF IT ACT,0,0,0,0,0,0
TOT (STATES),OTHER SECTIONS OF IT ACT,9,90,53,8,1,161
A & N ISLANDS,OTHER SECTIONS OF IT ACT,0,0,0,0,0,0
CHANDIGARH,OTHER SECTIONS OF IT ACT,0,0,0,0,0,0
D & N HAVELI,OTHER SECTIONS OF IT ACT,0,0,0,0,0,0
DAMAN & DIU,OTHER SECTIONS OF IT ACT,0,0,0,0,0,0
DELHI,OTHER SECTIONS OF IT ACT,0,0,0,0,0,0
LAKSHADWEEP,OTHER SECTIONS OF IT ACT,0,0,0,0,0,0
PUDUCHERRY,OTHER SECTIONS OF IT ACT,0,0,0,0,0,0
TOT (UTS),OTHER SECTIONS OF IT ACT,0,0,0,0,0,0
TOT (ALL INDIA),OTHER SECTIONS OF IT ACT,9,90,53,8,1,161
ANDHRA PRADESH,TOTAL IT ACT,9,180,94,13,0,296
ARUNACHAL PRADESH,TOTAL IT ACT,0,0,5,0,0,5
ASSAM,TOTAL IT ACT,0,2,0,0,0,2
BIHAR,TOTAL IT ACT,0,16,6,0,0,22
CHHATTISGARH,TOTAL IT ACT,0,19,16,0,0,35
GOA,TOTAL IT ACT,0,4,4,2,0,10
GUJARAT,TOTAL IT ACT,0,28,14,8,1,51
HARYANA,TOTAL IT ACT,1,29,24,3,1,58
HIMACHAL PRADESH,TOTAL IT ACT,0,9,4,0,0,13
JAMMU & KASHMIR,TOTAL IT ACT,0,9,6,1,0,16
JHARKHAND,TOTAL IT ACT,0,5,2,0,0,7
KARNATAKA,TOTAL IT ACT,0,45,45,3,1,94
KERALA,TOTAL IT ACT,9,73,52,17,0,151
MADHYA PRADESH,TOTAL IT ACT,2,104,44,13,2,165
MAHARASHTRA,TOTAL IT ACT,17,214,161,31,3,426
MANIPUR,TOTAL IT ACT,0,0,0,0,0,0
MEGHALAYA,TOTAL IT ACT,0,0,0,0,0,0
MIZORAM,TOTAL IT ACT,0,0,0,0,0,0
NAGALAND,TOTAL IT ACT,0,0,0,0,0,0
ORISSA,TOTAL IT ACT,0,20,21,0,0,41
PUNJAB,TOTAL IT ACT,4,57,58,3,1,123
RAJASTHAN,TOTAL IT ACT,2,80,42,11,0,135
SIKKIM,TOTAL IT ACT,0,0,0,0,0,0
TAMIL NADU,TOTAL IT ACT,0,18,12,12,1,43
TRIPURA,TOTAL IT ACT,1,10,2,0,0,13
UTTAR PRADESH,TOTAL IT ACT,0,213,65,5,0,283
UTTARAKHAND,TOTAL IT ACT,0,2,1,0,0,3
WEST BENGAL,TOTAL IT ACT,0,26,27,5,0,58
TOT (STATES),TOTAL IT ACT,45,1163,705,127,10,2050
A & N ISLANDS,TOTAL IT ACT,0,3,0,0,0,3
CHANDIGARH,TOTAL IT ACT,0,7,0,0,0,7
D & N HAVELI,TOTAL IT ACT,0,0,0,0,0,0
DAMAN & DIU,TOTAL IT ACT,0,0,2,0,0,2
DELHI,TOTAL IT ACT,0,17,14,3,0,34
LAKSHADWEEP,TOTAL IT ACT,0,0,0,0,0,0
PUDUCHERRY,TOTAL IT ACT,0,0,1,1,0,2
TOT (UTS),TOTAL IT ACT,0,27,17,4,0,48
TOT (ALL INDIA),TOTAL IT ACT,45,1190,722,131,10,2098
ANDHRA PRADESH,"OFFENCES BY OR AGAINST PUBLIC SERVANT (SECTION 167, 172, 173, 175 IPC)",0,0,0,0,0,0
ARUNACHAL PRADESH,"OFFENCES BY OR AGAINST PUBLIC SERVANT (SECTION 167, 172, 173, 175 IPC)",0,0,0,0,0,0
ASSAM,"OFFENCES BY OR AGAINST PUBLIC SERVANT (SECTION 167, 172, 173, 175 IPC)",0,0,0,0,0,0
BIHAR,"OFFENCES BY OR AGAINST PUBLIC SERVANT (SECTION 167, 172, 173, 175 IPC)",0,0,0,0,0,0
CHHATTISGARH,"OFFENCES BY OR AGAINST PUBLIC SERVANT (SECTION 167, 172, 173, 175 IPC)",0,0,0,0,0,0
GOA,"OFFENCES BY OR AGAINST PUBLIC SERVANT (SECTION 167, 172, 173, 175 IPC)",0,0,0,0,0,0
GUJARAT,"OFFENCES BY OR AGAINST PUBLIC SERVANT (SECTION 167, 172, 173, 175 IPC)",0,0,0,0,0,0
HARYANA,"OFFENCES BY OR AGAINST PUBLIC SERVANT (SECTION 167, 172, 173, 175 IPC)",0,0,0,0,0,0
HIMACHAL PRADESH,"OFFENCES BY OR AGAINST PUBLIC SERVANT (SECTION 167, 172, 173, 175 IPC)",0,0,0,0,0,0
JAMMU & KASHMIR,"OFFENCES BY OR AGAINST PUBLIC SERVANT (SECTION 167, 172, 173, 175 IPC)",0,0,0,0,0,0
JHARKHAND,"OFFENCES BY OR AGAINST PUBLIC SERVANT (SECTION 167, 172, 173, 175 IPC)",0,2,0,0,0,2
KARNATAKA,"OFFENCES BY OR AGAINST PUBLIC SERVANT (SECTION 167, 172, 173, 175 IPC)",0,0,0,0,0,0
KERALA,"OFFENCES BY OR AGAINST PUBLIC SERVANT (SECTION 167, 172, 173, 175 IPC)",0,0,0,0,0,0
MADHYA PRADESH,"OFFENCES BY OR AGAINST PUBLIC SERVANT (SECTION 167, 172, 173, 175 IPC)",0,0,0,0,0,0
MAHARASHTRA,"OFFENCES BY OR AGAINST PUBLIC SERVANT (SECTION 167, 172, 173, 175 IPC)",0,0,0,0,0,0
MANIPUR,"OFFENCES BY OR AGAINST PUBLIC SERVANT (SECTION 167, 172, 173, 175 IPC)",0,0,0,0,0,0
MEGHALAYA,"OFFENCES BY OR AGAINST PUBLIC SERVANT (SECTION 167, 172, 173, 175 IPC)",0,0,0,0,0,0
MIZORAM,"OFFENCES BY OR AGAINST PUBLIC SERVANT (SECTION 167, 172, 173, 175 IPC)",0,0,0,0,0,0
NAGALAND,"OFFENCES BY OR AGAINST PUBLIC SERVANT (SECTION 167, 172, 173, 175 IPC)",0,0,0,0,0,0
ORISSA,"OFFENCES BY OR AGAINST PUBLIC SERVANT (SECTION 167, 172, 173, 175 IPC)",0,0,0,0,0,0
PUNJAB,"OFFENCES BY OR AGAINST PUBLIC SERVANT (SECTION 167, 172, 173, 175 IPC)",0,0,0,0,0,0
RAJASTHAN,"OFFENCES BY OR AGAINST PUBLIC SERVANT (SECTION 167, 172, 173, 175 IPC)",0,0,0,0,0,0
SIKKIM,"OFFENCES BY OR AGAINST PUBLIC SERVANT (SECTION 167, 172, 173, 175 IPC)",0,0,0,0,0,0
TAMIL NADU,"OFFENCES BY OR AGAINST PUBLIC SERVANT (SECTION 167, 172, 173, 175 IPC)",0,0,0,0,0,0
TRIPURA,"OFFENCES BY OR AGAINST PUBLIC SERVANT (SECTION 167, 172, 173, 175 IPC)",0,0,0,0,0,0
UTTAR PRADESH,"OFFENCES BY OR AGAINST PUBLIC SERVANT (SECTION 167, 172, 173, 175 IPC)",0,0,0,0,0,0
UTTARAKHAND,"OFFENCES BY OR AGAINST PUBLIC SERVANT (SECTION 167, 172, 173, 175 IPC)",0,0,0,0,0,0
WEST BENGAL,"OFFENCES BY OR AGAINST PUBLIC SERVANT (SECTION 167, 172, 173, 175 IPC)",0,0,0,0,0,0
TOT (STATES),"OFFENCES BY OR AGAINST PUBLIC SERVANT (SECTION 167, 172, 173, 175 IPC)",0,2,0,0,0,2
A & N ISLANDS,"OFFENCES BY OR AGAINST PUBLIC SERVANT (SECTION 167, 172, 173, 175 IPC)",0,0,0,0,0,0
CHANDIGARH,"OFFENCES BY OR AGAINST PUBLIC SERVANT (SECTION 167, 172, 173, 175 IPC)",0,0,0,0,0,0
D & N HAVELI,"OFFENCES BY OR AGAINST PUBLIC SERVANT (SECTION 167, 172, 173, 175 IPC)",0,0,0,0,0,0
DAMAN & DIU,"OFFENCES BY OR AGAINST PUBLIC SERVANT (SECTION 167, 172, 173, 175 IPC)",0,0,0,0,0,0
DELHI,"OFFENCES BY OR AGAINST PUBLIC SERVANT (SECTION 167, 172, 173, 175 IPC)",0,0,0,0,0,0
LAKSHADWEEP,"OFFENCES BY OR AGAINST PUBLIC SERVANT (SECTION 167, 172, 173, 175 IPC)",0,0,0,0,0,0
PUDUCHERRY,"OFFENCES BY OR AGAINST PUBLIC SERVANT (SECTION 167, 172, 173, 175 IPC)",0,0,0,0,0,0
TOT (UTS),"OFFENCES BY OR AGAINST PUBLIC SERVANT (SECTION 167, 172, 173, 175 IPC)",0,0,0,0,0,0
TOT (ALL INDIA),"OFFENCES BY OR AGAINST PUBLIC SERVANT (SECTION 167, 172, 173, 175 IPC)",0,2,0,0,0,2
ANDHRA PRADESH,FALSE ELECTRONIC EVIDENCE (SECTION 193 IPC),0,0,0,0,0,0
ARUNACHAL PRADESH,FALSE ELECTRONIC EVIDENCE (SECTION 193 IPC),0,0,0,0,0,0
ASSAM,FALSE ELECTRONIC EVIDENCE (SECTION 193 IPC),0,0,0,0,0,0
BIHAR,FALSE ELECTRONIC EVIDENCE (SECTION 193 IPC),0,0,0,0,0,0
CHHATTISGARH,FALSE ELECTRONIC EVIDENCE (SECTION 193 IPC),0,0,0,0,0,0
GOA,FALSE ELECTRONIC EVIDENCE (SECTION 193 IPC),0,0,0,0,0,0
GUJARAT,FALSE ELECTRONIC EVIDENCE (SECTION 193 IPC),0,0,0,0,0,0
HARYANA,FALSE ELECTRONIC EVIDENCE (SECTION 193 IPC),0,0,0,0,0,0
HIMACHAL PRADESH,FALSE ELECTRONIC EVIDENCE (SECTION 193 IPC),0,0,0,0,0,0
JAMMU & KASHMIR,FALSE ELECTRONIC EVIDENCE (SECTION 193 IPC),0,0,0,0,0,0
JHARKHAND,FALSE ELECTRONIC EVIDENCE (SECTION 193 IPC),0,0,0,0,0,0
KARNATAKA,FALSE ELECTRONIC EVIDENCE (SECTION 193 IPC),0,0,0,0,0,0
KERALA,FALSE ELECTRONIC EVIDENCE (SECTION 193 IPC),0,6,0,1,0,7
MADHYA PRADESH,FALSE ELECTRONIC EVIDENCE (SECTION 193 IPC),0,0,0,0,0,0
MAHARASHTRA,FALSE ELECTRONIC EVIDENCE (SECTION 193 IPC),0,0,0,0,0,0
MANIPUR,FALSE ELECTRONIC EVIDENCE (SECTION 193 IPC),0,0,0,0,0,0
MEGHALAYA,FALSE ELECTRONIC EVIDENCE (SECTION 193 IPC),0,0,0,0,0,0
MIZORAM,FALSE ELECTRONIC EVIDENCE (SECTION 193 IPC),0,0,0,0,0,0
NAGALAND,FALSE ELECTRONIC EVIDENCE (SECTION 193 IPC),0,0,0,0,0,0
ORISSA,FALSE ELECTRONIC EVIDENCE (SECTION 193 IPC),0,0,0,0,0,0
PUNJAB,FALSE ELECTRONIC EVIDENCE (SECTION 193 IPC),0,0,0,0,0,0
RAJASTHAN,FALSE ELECTRONIC EVIDENCE (SECTION 193 IPC),0,0,0,0,0,0
SIKKIM,FALSE ELECTRONIC EVIDENCE (SECTION 193 IPC),0,0,0,0,0,0
TAMIL NADU,FALSE ELECTRONIC EVIDENCE (SECTION 193 IPC),0,0,0,0,0,0
TRIPURA,FALSE ELECTRONIC EVIDENCE (SECTION 193 IPC),0,0,0,0,0,0
UTTAR PRADESH,FALSE ELECTRONIC EVIDENCE (SECTION 193 IPC),0,0,0,0,0,0
UTTARAKHAND,FALSE ELECTRONIC EVIDENCE (SECTION 193 IPC),0,0,0,0,0,0
WEST BENGAL,FALSE ELECTRONIC EVIDENCE (SECTION 193 IPC),0,0,0,0,0,0
TOT (STATES),FALSE ELECTRONIC EVIDENCE (SECTION 193 IPC),0,6,0,1,0,7
A & N ISLANDS,FALSE ELECTRONIC EVIDENCE (SECTION 193 IPC),0,0,0,0,0,0
CHANDIGARH,FALSE ELECTRONIC EVIDENCE (SECTION 193 IPC),0,0,0,0,0,0
D & N HAVELI,FALSE ELECTRONIC EVIDENCE (SECTION 193 IPC),0,0,0,0,0,0
DAMAN & DIU,FALSE ELECTRONIC EVIDENCE (SECTION 193 IPC),0,0,0,0,0,0
DELHI,FALSE ELECTRONIC EVIDENCE (SECTION 193 IPC),0,0,0,0,0,0
LAKSHADWEEP,FALSE ELECTRONIC EVIDENCE (SECTION 193 IPC),0,0,0,0,0,0
PUDUCHERRY,FALSE ELECTRONIC EVIDENCE (SECTION 193 IPC),0,0,0,0,0,0
TOT (UTS),FALSE ELECTRONIC EVIDENCE (SECTION 193 IPC),0,0,0,0,0,0
TOT (ALL INDIA),FALSE ELECTRONIC EVIDENCE (SECTION 193 IPC),0,6,0,1,0,7
ANDHRA PRADESH,"DESTRUCTION OF ELECTRONIC EVIDENCE (SECTION 204, 477 IPC)",0,0,0,0,0,0
ARUNACHAL PRADESH,"DESTRUCTION OF ELECTRONIC EVIDENCE (SECTION 204, 477 IPC)",0,0,0,0,0,0
ASSAM,"DESTRUCTION OF ELECTRONIC EVIDENCE (SECTION 204, 477 IPC)",0,0,0,0,0,0
BIHAR,"DESTRUCTION OF ELECTRONIC EVIDENCE (SECTION 204, 477 IPC)",0,0,0,0,0,0
CHHATTISGARH,"DESTRUCTION OF ELECTRONIC EVIDENCE (SECTION 204, 477 IPC)",0,0,0,0,0,0
GOA,"DESTRUCTION OF ELECTRONIC EVIDENCE (SECTION 204, 477 IPC)",0,0,0,0,0,0
GUJARAT,"DESTRUCTION OF ELECTRONIC EVIDENCE (SECTION 204, 477 IPC)",0,0,0,0,0,0
HARYANA,"DESTRUCTION OF ELECTRONIC EVIDENCE (SECTION 204, 477 IPC)",0,3,0,0,0,3
HIMACHAL PRADESH,"DESTRUCTION OF ELECTRONIC EVIDENCE (SECTION 204, 477 IPC)",0,0,0,0,0,0
JAMMU & KASHMIR,"DESTRUCTION OF ELECTRONIC EVIDENCE (SECTION 204, 477 IPC)",0,0,0,0,0,0
JHARKHAND,"DESTRUCTION OF ELECTRONIC EVIDENCE (SECTION 204, 477 IPC)",0,0,0,0,0,0
KARNATAKA,"DESTRUCTION OF ELECTRONIC EVIDENCE (SECTION 204, 477 IPC)",0,0,0,0,0,0
KERALA,"DESTRUCTION OF ELECTRONIC EVIDENCE (SECTION 204, 477 IPC)",0,0,0,0,0,0
MADHYA PRADESH,"DESTRUCTION OF ELECTRONIC EVIDENCE (SECTION 204, 477 IPC)",0,0,0,0,0,0
MAHARASHTRA,"DESTRUCTION OF ELECTRONIC EVIDENCE (SECTION 204, 477 IPC)",0,0,0,0,0,0
MANIPUR,"DESTRUCTION OF ELECTRONIC EVIDENCE (SECTION 204, 477 IPC)",0,0,0,0,0,0
MEGHALAYA,"DESTRUCTION OF ELECTRONIC EVIDENCE (SECTION 204, 477 IPC)",0,0,0,0,0,0
MIZORAM,"DESTRUCTION OF ELECTRONIC EVIDENCE (SECTION 204, 477 IPC)",0,0,0,0,0,0
NAGALAND,"DESTRUCTION OF ELECTRONIC EVIDENCE (SECTION 204, 477 IPC)",0,0,0,0,0,0
ORISSA,"DESTRUCTION OF ELECTRONIC EVIDENCE (SECTION 204, 477 IPC)",0,0,1,0,0,1
PUNJAB,"DESTRUCTION OF ELECTRONIC EVIDENCE (SECTION 204, 477 IPC)",0,0,0,0,0,0
RAJASTHAN,"DESTRUCTION OF ELECTRONIC EVIDENCE (SECTION 204, 477 IPC)",0,0,0,0,0,0
SIKKIM,"DESTRUCTION OF ELECTRONIC EVIDENCE (SECTION 204, 477 IPC)",0,0,0,0,0,0
TAMIL NADU,"DESTRUCTION OF ELECTRONIC EVIDENCE (SECTION 204, 477 IPC)",0,0,0,0,0,0
TRIPURA,"DESTRUCTION OF ELECTRONIC EVIDENCE (SECTION 204, 477 IPC)",0,0,0,0,0,0
UTTAR PRADESH,"DESTRUCTION OF ELECTRONIC EVIDENCE (SECTION 204, 477 IPC)",0,0,0,0,0,0
UTTARAKHAND,"DESTRUCTION OF ELECTRONIC EVIDENCE (SECTION 204, 477 IPC)",0,0,0,0,0,0
WEST BENGAL,"DESTRUCTION OF ELECTRONIC EVIDENCE (SECTION 204, 477 IPC)",0,0,0,0,0,0
TOT (STATES),"DESTRUCTION OF ELECTRONIC EVIDENCE (SECTION 204, 477 IPC)",0,3,1,0,0,4
A & N ISLANDS,"DESTRUCTION OF ELECTRONIC EVIDENCE (SECTION 204, 477 IPC)",0,0,0,0,0,0
CHANDIGARH,"DESTRUCTION OF ELECTRONIC EVIDENCE (SECTION 204, 477 IPC)",0,0,0,0,0,0
D & N HAVELI,"DESTRUCTION OF ELECTRONIC EVIDENCE (SECTION 204, 477 IPC)",0,0,0,0,0,0
DAMAN & DIU,"DESTRUCTION OF ELECTRONIC EVIDENCE (SECTION 204, 477 IPC)",0,0,0,0,0,0
DELHI,"DESTRUCTION OF ELECTRONIC EVIDENCE (SECTION 204, 477 IPC)",0,0,0,0,0,0
LAKSHADWEEP,"DESTRUCTION OF ELECTRONIC EVIDENCE (SECTION 204, 477 IPC)",0,0,0,0,0,0
PUDUCHERRY,"DESTRUCTION OF ELECTRONIC EVIDENCE (SECTION 204, 477 IPC)",0,0,0,0,0,0
TOT (UTS),"DESTRUCTION OF ELECTRONIC EVIDENCE (SECTION 204, 477 IPC)",0,0,0,0,0,0
TOT (ALL INDIA),"DESTRUCTION OF ELECTRONIC EVIDENCE (SECTION 204, 477 IPC)",0,3,1,0,0,4
ANDHRA PRADESH,"FORGERY (SECTION 463, 465, 466, 468, 469, 471, 474, 476, 477A IPC)",0,2,0,0,0,2
ARUNACHAL PRADESH,"FORGERY (SECTION 463, 465, 466, 468, 469, 471, 474, 476, 477A IPC)",0,0,0,0,0,0
ASSAM,"FORGERY (SECTION 463, 465, 466, 468, 469, 471, 474, 476, 477A IPC)",0,0,0,0,0,0
BIHAR,"FORGERY (SECTION 463, 465, 466, 468, 469, 471, 474, 476, 477A IPC)",0,2,70,1,0,73
CHHATTISGARH,"FORGERY (SECTION 463, 465, 466, 468, 469, 471, 474, 476, 477A IPC)",0,2,4,1,0,7
GOA,"FORGERY (SECTION 463, 465, 466, 468, 469, 471, 474, 476, 477A IPC)",0,0,1,0,0,1
GUJARAT,"FORGERY (SECTION 463, 465, 466, 468, 469, 471, 474, 476, 477A IPC)",0,0,1,0,0,1
HARYANA,"FORGERY (SECTION 463, 465, 466, 468, 469, 471, 474, 476, 477A IPC)",0,15,35,17,3,70
HIMACHAL PRADESH,"FORGERY (SECTION 463, 465, 466, 468, 469, 471, 474, 476, 477A IPC)",0,0,0,0,0,0
JAMMU & KASHMIR,"FORGERY (SECTION 463, 465, 466, 468, 469, 471, 474, 476, 477A IPC)",0,0,0,0,0,0
JHARKHAND,"FORGERY (SECTION 463, 465, 466, 468, 469, 471, 474, 476, 477A IPC)",0,1,0,0,0,1
KARNATAKA,"FORGERY (SECTION 463, 465, 466, 468, 469, 471, 474, 476, 477A IPC)",0,1,0,0,0,1
KERALA,"FORGERY (SECTION 463, 465, 466, 468, 469, 471, 474, 476, 477A IPC)",0,1,2,5,0,8
MADHYA PRADESH,"FORGERY (SECTION 463, 465, 466, 468, 469, 471, 474, 476, 477A IPC)",0,2,2,1,0,5
MAHARASHTRA,"FORGERY (SECTION 463, 465, 466, 468, 469, 471, 474, 476, 477A IPC)",0,59,82,14,1,156
MANIPUR,"FORGERY (SECTION 463, 465, 466, 468, 469, 471, 474, 476, 477A IPC)",0,0,0,0,0,0
MEGHALAYA,"FORGERY (SECTION 463, 465, 466, 468, 469, 471, 474, 476, 477A IPC)",0,0,0,0,0,0
MIZORAM,"FORGERY (SECTION 463, 465, 466, 468, 469, 471, 474, 476, 477A IPC)",0,0,0,0,0,0
NAGALAND,"FORGERY (SECTION 463, 465, 466, 468, 469, 471, 474, 476, 477A IPC)",0,0,0,0,0,0
ORISSA,"FORGERY (SECTION 463, 465, 466, 468, 469, 471, 474, 476, 477A IPC)",0,3,15,2,0,20
PUNJAB,"FORGERY (SECTION 463, 465, 466, 468, 469, 471, 474, 476, 477A IPC)",0,0,2,0,0,2
RAJASTHAN,"FORGERY (SECTION 463, 465, 466, 468, 469, 471, 474, 476, 477A IPC)",0,4,2,0,0,6
SIKKIM,"FORGERY (SECTION 463, 465, 466, 468, 469, 471, 474, 476, 477A IPC)",0,0,0,0,0,0
TAMIL NADU,"FORGERY (SECTION 463, 465, 466, 468, 469, 471, 474, 476, 477A IPC)",0,16,9,0,0,25
TRIPURA,"FORGERY (SECTION 463, 465, 466, 468, 469, 471, 474, 476, 477A IPC)",0,0,0,0,0,0
UTTAR PRADESH,"FORGERY (SECTION 463, 465, 466, 468, 469, 471, 474, 476, 477A IPC)",0,143,68,8,0,219
UTTARAKHAND,"FORGERY (SECTION 463, 465, 466, 468, 469, 471, 474, 476, 477A IPC)",0,0,0,0,0,0
WEST BENGAL,"FORGERY (SECTION 463, 465, 466, 468, 469, 471, 474, 476, 477A IPC)",0,10,7,3,0,20
TOT (STATES),"FORGERY (SECTION 463, 465, 466, 468, 469, 471, 474, 476, 477A IPC)",0,261,300,52,4,617
A & N ISLANDS,"FORGERY (SECTION 463, 465, 466, 468, 469, 471, 474, 476, 477A IPC)",0,0,0,0,0,0
CHANDIGARH,"FORGERY (SECTION 463, 465, 466, 468, 469, 471, 474, 476, 477A IPC)",0,2,0,0,0,2
D & N HAVELI,"FORGERY (SECTION 463, 465, 466, 468, 469, 471, 474, 476, 477A IPC)",0,0,0,0,0,0
DAMAN & DIU,"FORGERY (SECTION 463, 465, 466, 468, 469, 471, 474, 476, 477A IPC)",0,0,0,0,0,0
DELHI,"FORGERY (SECTION 463, 465, 466, 468, 469, 471, 474, 476, 477A IPC)",0,0,5,2,0,7
LAKSHADWEEP,"FORGERY (SECTION 463, 465, 466, 468, 469, 471, 474, 476, 477A IPC)",0,0,0,0,0,0
PUDUCHERRY,"FORGERY (SECTION 463, 465, 466, 468, 469, 471, 474, 476, 477A IPC)",0,0,0,0,0,0
TOT (UTS),"FORGERY (SECTION 463, 465, 466, 468, 469, 471, 474, 476, 477A IPC)",0,2,5,2,0,9
TOT (ALL INDIA),"FORGERY (SECTION 463, 465, 466, 468, 469, 471, 474, 476, 477A IPC)",0,263,305,54,4,626
ANDHRA PRADESH,"CRIMINAL BREACH OF TRUST OR FRAUD (SECTION 405, 406, 408, 409 IPC)",0,0,1,0,0,1
ARUNACHAL PRADESH,"CRIMINAL BREACH OF TRUST OR FRAUD (SECTION 405, 406, 408, 409 IPC)",0,0,0,0,0,0
ASSAM,"CRIMINAL BREACH OF TRUST OR FRAUD (SECTION 405, 406, 408, 409 IPC)",0,0,0,0,0,0
BIHAR,"CRIMINAL BREACH OF TRUST OR FRAUD (SECTION 405, 406, 408, 409 IPC)",0,5,126,3,0,134
CHHATTISGARH,"CRIMINAL BREACH OF TRUST OR FRAUD (SECTION 405, 406, 408, 409 IPC)",0,1,3,4,0,8
GOA,"CRIMINAL BREACH OF TRUST OR FRAUD (SECTION 405, 406, 408, 409 IPC)",0,0,0,0,0,0
GUJARAT,"CRIMINAL BREACH OF TRUST OR FRAUD (SECTION 405, 406, 408, 409 IPC)",0,5,5,0,0,10
HARYANA,"CRIMINAL BREACH OF TRUST OR FRAUD (SECTION 405, 406, 408, 409 IPC)",0,24,23,11,0,58
HIMACHAL PRADESH,"CRIMINAL BREACH OF TRUST OR FRAUD (SECTION 405, 406, 408, 409 IPC)",0,0,0,0,0,0
JAMMU & KASHMIR,"CRIMINAL BREACH OF TRUST OR FRAUD (SECTION 405, 406, 408, 409 IPC)",0,0,0,0,0,0
JHARKHAND,"CRIMINAL BREACH OF TRUST OR FRAUD (SECTION 405, 406, 408, 409 IPC)",0,10,0,0,0,10
KARNATAKA,"CRIMINAL BREACH OF TRUST OR FRAUD (SECTION 405, 406, 408, 409 IPC)",0,0,1,0,0,1
KERALA,"CRIMINAL BREACH OF TRUST OR FRAUD (SECTION 405, 406, 408, 409 IPC)",0,0,1,2,0,3
MADHYA PRADESH,"CRIMINAL BREACH OF TRUST OR FRAUD (SECTION 405, 406, 408, 409 IPC)",0,7,0,0,0,7
MAHARASHTRA,"CRIMINAL BREACH OF TRUST OR FRAUD (SECTION 405, 406, 408, 409 IPC)",0,4,5,1,0,10
MANIPUR,"CRIMINAL BREACH OF TRUST OR FRAUD (SECTION 405, 406, 408, 409 IPC)",0,0,0,0,0,0
MEGHALAYA,"CRIMINAL BREACH OF TRUST OR FRAUD (SECTION 405, 406, 408, 409 IPC)",0,0,0,0,0,0
MIZORAM,"CRIMINAL BREACH OF TRUST OR FRAUD (SECTION 405, 406, 408, 409 IPC)",0,0,0,0,0,0
NAGALAND,"CRIMINAL BREACH OF TRUST OR FRAUD (SECTION 405, 406, 408, 409 IPC)",0,0,0,0,0,0
ORISSA,"CRIMINAL BREACH OF TRUST OR FRAUD (SECTION 405, 406, 408, 409 IPC)",0,0,0,0,0,0
PUNJAB,"CRIMINAL BREACH OF TRUST OR FRAUD (SECTION 405, 406, 408, 409 IPC)",0,0,2,0,0,2
RAJASTHAN,"CRIMINAL BREACH OF TRUST OR FRAUD (SECTION 405, 406, 408, 409 IPC)",0,2,2,0,0,4
SIKKIM,"CRIMINAL BREACH OF TRUST OR FRAUD (SECTION 405, 406, 408, 409 IPC)",0,0,0,0,0,0
TAMIL NADU,"CRIMINAL BREACH OF TRUST OR FRAUD (SECTION 405, 406, 408, 409 IPC)",0,8,10,2,0,20
TRIPURA,"CRIMINAL BREACH OF TRUST OR FRAUD (SECTION 405, 406, 408, 409 IPC)",0,0,0,0,0,0
UTTAR PRADESH,"CRIMINAL BREACH OF TRUST OR FRAUD (SECTION 405, 406, 408, 409 IPC)",0,61,31,8,0,100
UTTARAKHAND,"CRIMINAL BREACH OF TRUST OR FRAUD (SECTION 405, 406, 408, 409 IPC)",0,1,2,0,0,3
WEST BENGAL,"CRIMINAL BREACH OF TRUST OR FRAUD (SECTION 405, 406, 408, 409 IPC)",0,17,48,35,0,100
TOT (STATES),"CRIMINAL BREACH OF TRUST OR FRAUD (SECTION 405, 406, 408, 409 IPC)",0,145,260,66,0,471
A & N ISLANDS,"CRIMINAL BREACH OF TRUST OR FRAUD (SECTION 405, 406, 408, 409 IPC)",0,0,0,0,0,0
CHANDIGARH,"CRIMINAL BREACH OF TRUST OR FRAUD (SECTION 405, 406, 408, 409 IPC)",0,0,0,0,0,0
D & N HAVELI,"CRIMINAL BREACH OF TRUST OR FRAUD (SECTION 405, 406, 408, 409 IPC)",0,0,0,0,0,0
DAMAN & DIU,"CRIMINAL BREACH OF TRUST OR FRAUD (SECTION 405, 406, 408, 409 IPC)",0,0,0,0,0,0
DELHI,"CRIMINAL BREACH OF TRUST OR FRAUD (SECTION 405, 406, 408, 409 IPC)",0,0,0,0,0,0
LAKSHADWEEP,"CRIMINAL BREACH OF TRUST OR FRAUD (SECTION 405, 406, 408, 409 IPC)",0,0,0,0,0,0
PUDUCHERRY,"CRIMINAL BREACH OF TRUST OR FRAUD (SECTION 405, 406, 408, 409 IPC)",0,0,0,0,0,0
TOT (UTS),"CRIMINAL BREACH OF TRUST OR FRAUD (SECTION 405, 406, 408, 409 IPC)",0,0,0,0,0,0
TOT (ALL INDIA),"CRIMINAL BREACH OF TRUST OR FRAUD (SECTION 405, 406, 408, 409 IPC)",0,145,260,66,0,471
ANDHRA PRADESH,"COUNTERFEITING - PROPERTY OR MARK (SECTION 482, 183, 483, 484, 485 IPC)",0,0,4,0,0,4
ARUNACHAL PRADESH,"COUNTERFEITING - PROPERTY OR MARK (SECTION 482, 183, 483, 484, 485 IPC)",0,0,0,0,0,0
ASSAM,"COUNTERFEITING - PROPERTY OR MARK (SECTION 482, 183, 483, 484, 485 IPC)",0,0,0,0,0,0
BIHAR,"COUNTERFEITING - PROPERTY OR MARK (SECTION 482, 183, 483, 484, 485 IPC)",0,0,0,0,0,0
CHHATTISGARH,"COUNTERFEITING - PROPERTY OR MARK (SECTION 482, 183, 483, 484, 485 IPC)",0,0,0,0,0,0
GOA,"COUNTERFEITING - PROPERTY OR MARK (SECTION 482, 183, 483, 484, 485 IPC)",0,0,0,0,0,0
GUJARAT,"COUNTERFEITING - PROPERTY OR MARK (SECTION 482, 183, 483, 484, 485 IPC)",0,1,0,0,0,1
HARYANA,"COUNTERFEITING - PROPERTY OR MARK (SECTION 482, 183, 483, 484, 485 IPC)",0,0,0,0,0,0
HIMACHAL PRADESH,"COUNTERFEITING - PROPERTY OR MARK (SECTION 482, 183, 483, 484, 485 IPC)",0,0,0,0,0,0
JAMMU & KASHMIR,"COUNTERFEITING - PROPERTY OR MARK (SECTION 482, 183, 483, 484, 485 IPC)",0,0,0,0,0,0
JHARKHAND,"COUNTERFEITING - PROPERTY OR MARK (SECTION 482, 183, 483, 484, 485 IPC)",0,0,0,0,0,0
KARNATAKA,"COUNTERFEITING - PROPERTY OR MARK (SECTION 482, 183, 483, 484, 485 IPC)",0,0,0,0,0,0
KERALA,"COUNTERFEITING - PROPERTY OR MARK (SECTION 482, 183, 483, 484, 485 IPC)",0,0,0,0,0,0
MADHYA PRADESH,"COUNTERFEITING - PROPERTY OR MARK (SECTION 482, 183, 483, 484, 485 IPC)",0,0,0,0,0,0
MAHARASHTRA,"COUNTERFEITING - PROPERTY OR MARK (SECTION 482, 183, 483, 484, 485 IPC)",0,1,6,4,0,11
MANIPUR,"COUNTERFEITING - PROPERTY OR MARK (SECTION 482, 183, 483, 484, 485 IPC)",0,0,0,0,0,0
MEGHALAYA,"COUNTERFEITING - PROPERTY OR MARK (SECTION 482, 183, 483, 484, 485 IPC)",0,0,0,0,0,0
MIZORAM,"COUNTERFEITING - PROPERTY OR MARK (SECTION 482, 183, 483, 484, 485 IPC)",0,0,0,0,0,0
NAGALAND,"COUNTERFEITING - PROPERTY OR MARK (SECTION 482, 183, 483, 484, 485 IPC)",0,0,0,0,0,0
ORISSA,"COUNTERFEITING - PROPERTY OR MARK (SECTION 482, 183, 483, 484, 485 IPC)",0,0,0,0,0,0
PUNJAB,"COUNTERFEITING - PROPERTY OR MARK (SECTION 482, 183, 483, 484, 485 IPC)",0,0,2,1,0,3
RAJASTHAN,"COUNTERFEITING - PROPERTY OR MARK (SECTION 482, 183, 483, 484, 485 IPC)",0,6,0,0,0,6
SIKKIM,"COUNTERFEITING - PROPERTY OR MARK (SECTION 482, 183, 483, 484, 485 IPC)",0,0,0,0,0,0
TAMIL NADU,"COUNTERFEITING - PROPERTY OR MARK (SECTION 482, 183, 483, 484, 485 IPC)",0,0,3,4,2,9
TRIPURA,"COUNTERFEITING - PROPERTY OR MARK (SECTION 482, 183, 483, 484, 485 IPC)",0,0,0,0,0,0
UTTAR PRADESH,"COUNTERFEITING - PROPERTY OR MARK (SECTION 482, 183, 483, 484, 485 IPC)",0,0,0,0,0,0
UTTARAKHAND,"COUNTERFEITING - PROPERTY OR MARK (SECTION 482, 183, 483, 484, 485 IPC)",0,0,0,0,0,0
WEST BENGAL,"COUNTERFEITING - PROPERTY OR MARK (SECTION 482, 183, 483, 484, 485 IPC)",0,0,0,0,0,0
TOT (STATES),"COUNTERFEITING - PROPERTY OR MARK (SECTION 482, 183, 483, 484, 485 IPC)",0,8,15,9,2,34
A & N ISLANDS,"COUNTERFEITING - PROPERTY OR MARK (SECTION 482, 183, 483, 484, 485 IPC)",0,0,0,0,0,0
CHANDIGARH,"COUNTERFEITING - PROPERTY OR MARK (SECTION 482, 183, 483, 484, 485 IPC)",0,0,0,0,0,0
D & N HAVELI,"COUNTERFEITING - PROPERTY OR MARK (SECTION 482, 183, 483, 484, 485 IPC)",0,0,0,0,0,0
DAMAN & DIU,"COUNTERFEITING - PROPERTY OR MARK (SECTION 482, 183, 483, 484, 485 IPC)",0,0,0,0,0,0
DELHI,"COUNTERFEITING - PROPERTY OR MARK (SECTION 482, 183, 483, 484, 485 IPC)",0,0,0,0,0,0
LAKSHADWEEP,"COUNTERFEITING - PROPERTY OR MARK (SECTION 482, 183, 483, 484, 485 IPC)",0,0,0,0,0,0
PUDUCHERRY,"COUNTERFEITING - PROPERTY OR MARK (SECTION 482, 183, 483, 484, 485 IPC)",0,0,0,0,0,0
TOT (UTS),"COUNTERFEITING - PROPERTY OR MARK (SECTION 482, 183, 483, 484, 485 IPC)",0,0,0,0,0,0
TOT (ALL INDIA),"COUNTERFEITING - PROPERTY OR MARK (SECTION 482, 183, 483, 484, 485 IPC)",0,8,15,9,2,34
ANDHRA PRADESH,COUNTERFEITING - TAMPERING (SECTION 489 IPC),0,2,3,5,0,10
ARUNACHAL PRADESH,COUNTERFEITING - TAMPERING (SECTION 489 IPC),0,0,0,0,0,0
ASSAM,COUNTERFEITING - TAMPERING (SECTION 489 IPC),0,0,0,0,0,0
BIHAR,COUNTERFEITING - TAMPERING (SECTION 489 IPC),0,0,0,0,0,0
CHHATTISGARH,COUNTERFEITING - TAMPERING (SECTION 489 IPC),0,0,0,0,0,0
GOA,COUNTERFEITING - TAMPERING (SECTION 489 IPC),0,0,0,0,0,0
GUJARAT,COUNTERFEITING - TAMPERING (SECTION 489 IPC),0,0,0,0,0,0
HARYANA,COUNTERFEITING - TAMPERING (SECTION 489 IPC),0,0,0,0,0,0
HIMACHAL PRADESH,COUNTERFEITING - TAMPERING (SECTION 489 IPC),0,0,0,0,0,0
JAMMU & KASHMIR,COUNTERFEITING - TAMPERING (SECTION 489 IPC),0,0,0,0,0,0
JHARKHAND,COUNTERFEITING - TAMPERING (SECTION 489 IPC),0,0,0,0,0,0
KARNATAKA,COUNTERFEITING - TAMPERING (SECTION 489 IPC),0,0,0,0,0,0
KERALA,COUNTERFEITING - TAMPERING (SECTION 489 IPC),0,0,0,0,0,0
MADHYA PRADESH,COUNTERFEITING - TAMPERING (SECTION 489 IPC),0,0,0,0,0,0
MAHARASHTRA,COUNTERFEITING - TAMPERING (SECTION 489 IPC),0,0,0,0,0,0
MANIPUR,COUNTERFEITING - TAMPERING (SECTION 489 IPC),0,0,0,0,0,0
MEGHALAYA,COUNTERFEITING - TAMPERING (SECTION 489 IPC),0,0,0,0,0,0
MIZORAM,COUNTERFEITING - TAMPERING (SECTION 489 IPC),0,0,0,0,0,0
NAGALAND,COUNTERFEITING - TAMPERING (SECTION 489 IPC),0,0,0,0,0,0
ORISSA,COUNTERFEITING - TAMPERING (SECTION 489 IPC),0,0,0,0,0,0
PUNJAB,COUNTERFEITING - TAMPERING (SECTION 489 IPC),0,0,0,0,0,0
RAJASTHAN,COUNTERFEITING - TAMPERING (SECTION 489 IPC),0,0,0,0,0,0
SIKKIM,COUNTERFEITING - TAMPERING (SECTION 489 IPC),0,0,0,0,0,0
TAMIL NADU,COUNTERFEITING - TAMPERING (SECTION 489 IPC),0,0,0,0,0,0
TRIPURA,COUNTERFEITING - TAMPERING (SECTION 489 IPC),0,0,0,0,0,0
UTTAR PRADESH,COUNTERFEITING - TAMPERING (SECTION 489 IPC),0,0,0,0,0,0
UTTARAKHAND,COUNTERFEITING - TAMPERING (SECTION 489 IPC),0,0,0,0,0,0
WEST BENGAL,COUNTERFEITING - TAMPERING (SECTION 489 IPC),0,0,0,0,0,0
TOT (STATES),COUNTERFEITING - TAMPERING (SECTION 489 IPC),0,2,3,5,0,10
A & N ISLANDS,COUNTERFEITING - TAMPERING (SECTION 489 IPC),0,0,0,0,0,0
CHANDIGARH,COUNTERFEITING - TAMPERING (SECTION 489 IPC),0,0,0,0,0,0
D & N HAVELI,COUNTERFEITING - TAMPERING (SECTION 489 IPC),0,0,0,0,0,0
DAMAN & DIU,COUNTERFEITING - TAMPERING (SECTION 489 IPC),0,0,0,0,0,0
DELHI,COUNTERFEITING - TAMPERING (SECTION 489 IPC),0,0,0,0,0,0
LAKSHADWEEP,COUNTERFEITING - TAMPERING (SECTION 489 IPC),0,0,0,0,0,0
PUDUCHERRY,COUNTERFEITING - TAMPERING (SECTION 489 IPC),0,0,0,0,0,0
TOT (UTS),COUNTERFEITING - TAMPERING (SECTION 489 IPC),0,0,0,0,0,0
TOT (ALL INDIA),COUNTERFEITING - TAMPERING (SECTION 489 IPC),0,2,3,5,0,10
ANDHRA PRADESH,COUNTERFEITING - CURRENCY OR STAMPS (SECTION 489A TO 489E IPC),0,0,0,0,0,0
ARUNACHAL PRADESH,COUNTERFEITING - CURRENCY OR STAMPS (SECTION 489A TO 489E IPC),0,0,0,0,0,0
ASSAM,COUNTERFEITING - CURRENCY OR STAMPS (SECTION 489A TO 489E IPC),0,0,0,0,0,0
BIHAR,COUNTERFEITING - CURRENCY OR STAMPS (SECTION 489A TO 489E IPC),0,0,0,0,0,0
CHHATTISGARH,COUNTERFEITING - CURRENCY OR STAMPS (SECTION 489A TO 489E IPC),0,0,0,0,0,0
GOA,COUNTERFEITING - CURRENCY OR STAMPS (SECTION 489A TO 489E IPC),0,0,0,0,0,0
GUJARAT,COUNTERFEITING - CURRENCY OR STAMPS (SECTION 489A TO 489E IPC),0,2,0,0,0,2
HARYANA,COUNTERFEITING - CURRENCY OR STAMPS (SECTION 489A TO 489E IPC),0,2,3,0,0,5
HIMACHAL PRADESH,COUNTERFEITING - CURRENCY OR STAMPS (SECTION 489A TO 489E IPC),0,0,0,0,0,0
JAMMU & KASHMIR,COUNTERFEITING - CURRENCY OR STAMPS (SECTION 489A TO 489E IPC),0,0,0,0,0,0
JHARKHAND,COUNTERFEITING - CURRENCY OR STAMPS (SECTION 489A TO 489E IPC),0,0,0,0,0,0
KARNATAKA,COUNTERFEITING - CURRENCY OR STAMPS (SECTION 489A TO 489E IPC),0,3,3,0,2,8
KERALA,COUNTERFEITING - CURRENCY OR STAMPS (SECTION 489A TO 489E IPC),0,0,0,0,0,0
MADHYA PRADESH,COUNTERFEITING - CURRENCY OR STAMPS (SECTION 489A TO 489E IPC),0,0,0,0,0,0
MAHARASHTRA,COUNTERFEITING - CURRENCY OR STAMPS (SECTION 489A TO 489E IPC),0,0,0,0,0,0
MANIPUR,COUNTERFEITING - CURRENCY OR STAMPS (SECTION 489A TO 489E IPC),0,0,0,0,0,0
MEGHALAYA,COUNTERFEITING - CURRENCY OR STAMPS (SECTION 489A TO 489E IPC),0,0,0,0,0,0
MIZORAM,COUNTERFEITING - CURRENCY OR STAMPS (SECTION 489A TO 489E IPC),0,0,0,0,0,0
NAGALAND,COUNTERFEITING - CURRENCY OR STAMPS (SECTION 489A TO 489E IPC),0,0,0,0,0,0
ORISSA,COUNTERFEITING - CURRENCY OR STAMPS (SECTION 489A TO 489E IPC),0,0,0,0,0,0
PUNJAB,COUNTERFEITING - CURRENCY OR STAMPS (SECTION 489A TO 489E IPC),0,0,1,2,0,3
RAJASTHAN,COUNTERFEITING - CURRENCY OR STAMPS (SECTION 489A TO 489E IPC),0,0,0,0,0,0
SIKKIM,COUNTERFEITING - CURRENCY OR STAMPS (SECTION 489A TO 489E IPC),0,0,0,0,0,0
TAMIL NADU,COUNTERFEITING - CURRENCY OR STAMPS (SECTION 489A TO 489E IPC),0,0,0,0,0,0
TRIPURA,COUNTERFEITING - CURRENCY OR STAMPS (SECTION 489A TO 489E IPC),0,0,0,0,0,0
UTTAR PRADESH,COUNTERFEITING - CURRENCY OR STAMPS (SECTION 489A TO 489E IPC),0,0,0,0,0,0
UTTARAKHAND,COUNTERFEITING - CURRENCY OR STAMPS (SECTION 489A TO 489E IPC),0,0,0,0,0,0
WEST BENGAL,COUNTERFEITING - CURRENCY OR STAMPS (SECTION 489A TO 489E IPC),0,12,12,7,0,31
TOT (STATES),COUNTERFEITING - CURRENCY OR STAMPS (SECTION 489A TO 489E IPC),0,19,19,9,2,49
A & N ISLANDS,COUNTERFEITING - CURRENCY OR STAMPS (SECTION 489A TO 489E IPC),0,0,0,0,0,0
CHANDIGARH,COUNTERFEITING - CURRENCY OR STAMPS (SECTION 489A TO 489E IPC),0,0,0,0,0,0
D & N HAVELI,COUNTERFEITING - CURRENCY OR STAMPS (SECTION 489A TO 489E IPC),0,0,0,0,0,0
DAMAN & DIU,COUNTERFEITING - CURRENCY OR STAMPS (SECTION 489A TO 489E IPC),0,0,0,0,0,0
DELHI,COUNTERFEITING - CURRENCY OR STAMPS (SECTION 489A TO 489E IPC),0,0,0,0,0,0
LAKSHADWEEP,COUNTERFEITING - CURRENCY OR STAMPS (SECTION 489A TO 489E IPC),0,0,0,0,0,0
PUDUCHERRY,COUNTERFEITING - CURRENCY OR STAMPS (SECTION 489A TO 489E IPC),0,0,0,0,0,0
TOT (UTS),COUNTERFEITING - CURRENCY OR STAMPS (SECTION 489A TO 489E IPC),0,0,0,0,0,0
TOT (ALL INDIA),COUNTERFEITING - CURRENCY OR STAMPS (SECTION 489A TO 489E IPC),0,19,19,9,2,49
ANDHRA PRADESH,CYBER-CRIME RELATED IPC SECTIONS,0,4,8,5,0,17
ARUNACHAL PRADESH,CYBER-CRIME RELATED IPC SECTIONS,0,0,0,0,0,0
ASSAM,CYBER-CRIME RELATED IPC SECTIONS,0,0,0,0,0,0
BIHAR,CYBER-CRIME RELATED IPC SECTIONS,0,7,196,4,0,207
CHHATTISGARH,CYBER-CRIME RELATED IPC SECTIONS,0,3,7,5,0,15
GOA,CYBER-CRIME RELATED IPC SECTIONS,0,0,1,0,0,1
GUJARAT,CYBER-CRIME RELATED IPC SECTIONS,0,8,6,0,0,14
HARYANA,CYBER-CRIME RELATED IPC SECTIONS,0,44,61,28,3,136
HIMACHAL PRADESH,CYBER-CRIME RELATED IPC SECTIONS,0,0,0,0,0,0
JAMMU & KASHMIR,CYBER-CRIME RELATED IPC SECTIONS,0,0,0,0,0,0
JHARKHAND,CYBER-CRIME RELATED IPC SECTIONS,0,13,0,0,0,13
KARNATAKA,CYBER-CRIME RELATED IPC SECTIONS,0,4,4,0,2,10
KERALA,CYBER-CRIME RELATED IPC SECTIONS,0,7,3,8,0,18
MADHYA PRADESH,CYBER-CRIME RELATED IPC SECTIONS,0,9,2,1,0,12
MAHARASHTRA,CYBER-CRIME RELATED IPC SECTIONS,0,64,93,19,1,177
MANIPUR,CYBER-CRIME RELATED IPC SECTIONS,0,0,0,0,0,0
MEGHALAYA,CYBER-CRIME RELATED IPC SECTIONS,0,0,0,0,0,0
MIZORAM,CYBER-CRIME RELATED IPC SECTIONS,0,0,0,0,0,0
NAGALAND,CYBER-CRIME RELATED IPC SECTIONS,0,0,0,0,0,0
ORISSA,CYBER-CRIME RELATED IPC SECTIONS,0,3,16,2,0,21
PUNJAB,CYBER-CRIME RELATED IPC SECTIONS,0,0,7,3,0,10
RAJASTHAN,CYBER-CRIME RELATED IPC SECTIONS,0,12,4,0,0,16
SIKKIM,CYBER-CRIME RELATED IPC SECTIONS,0,0,0,0,0,0
TAMIL NADU,CYBER-CRIME RELATED IPC SECTIONS,0,24,22,6,2,54
TRIPURA,CYBER-CRIME RELATED IPC SECTIONS,0,0,0,0,0,0
UTTAR PRADESH,CYBER-CRIME RELATED IPC SECTIONS,0,204,99,16,0,319
UTTARAKHAND,CYBER-CRIME RELATED IPC SECTIONS,0,1,2,0,0,3
WEST BENGAL,CYBER-CRIME RELATED IPC SECTIONS,0,39,67,45,0,151
TOT (STATES),CYBER-CRIME RELATED IPC SECTIONS,0,446,598,142,8,1194
A & N ISLANDS,CYBER-CRIME RELATED IPC SECTIONS,0,0,0,0,0,0
CHANDIGARH,CYBER-CRIME RELATED IPC SECTIONS,0,2,0,0,0,2
D & N HAVELI,CYBER-CRIME RELATED IPC SECTIONS,0,0,0,0,0,0
DAMAN & DIU,CYBER-CRIME RELATED IPC SECTIONS,0,0,0,0,0,0
DELHI,CYBER-CRIME RELATED IPC SECTIONS,0,0,5,2,0,7
LAKSHADWEEP,CYBER-CRIME RELATED IPC SECTIONS,0,0,0,0,0,0
PUDUCHERRY,CYBER-CRIME RELATED IPC SECTIONS,0,0,0,0,0,0
TOT (UTS),CYBER-CRIME RELATED IPC SECTIONS,0,2,5,2,0,9
TOT (ALL INDIA),CYBER-CRIME RELATED IPC SECTIONS,0,448,603,144,8,1203
